<?xml version="1.0"?>
<opencv_storage>
<cascade>
  <stageType>BOOST</stageType>
  <featureType>HOG</featureType>
  <height>160</height>
  <width>96</width>
  <stageParams>
    <boostType>GAB</boostType>
    <minHitRate>9.9900001287460327e-01</minHitRate>
    <maxFalseAlarm>5.0000000000000000e-01</maxFalseAlarm>
    <weightTrimRate>9.4999999999999996e-01</weightTrimRate>
    <maxDepth>1</maxDepth>
    <maxWeakCount>100</maxWeakCount></stageParams>
  <featureParams>
    <maxCatCount>0</maxCatCount>
    <featSize>36</featSize></featureParams>
  <stageNum>15</stageNum>
  <stages>
    <!-- stage 0 -->
    <_>
      <maxWeakCount>5</maxWeakCount>
      <stageThreshold>-1.4450755119323730e+00</stageThreshold>
      <weakClassifiers>
        <_>
          <internalNodes>
            0 -1 298 1.3676783069968224e-02</internalNodes>
          <leafValues>
            -9.3434345722198486e-01 6.5283542871475220e-01</leafValues></_>
        <_>
          <internalNodes>
            0 -1 322 3.6491099745035172e-02</internalNodes>
          <leafValues>
            -5.0406610965728760e-01 5.9528404474258423e-01</leafValues></_>
        <_>
          <internalNodes>
            0 -1 233 1.4963069930672646e-02</internalNodes>
          <leafValues>
            -8.0033123493194580e-01 3.8317844271659851e-01</leafValues></_>
        <_>
          <internalNodes>
            0 -1 333 4.4396318495273590e-02</internalNodes>
          <leafValues>
            -3.7908729910850525e-01 7.1292370557785034e-01</leafValues></_>
        <_>
          <internalNodes>
            0 -1 76 2.7212088927626610e-02</internalNodes>
          <leafValues>
            -4.1442626714706421e-01 5.3935635089874268e-01</leafValues></_></weakClassifiers></_>
    <!-- stage 1 -->
    <_>
      <maxWeakCount>12</maxWeakCount>
      <stageThreshold>-1.6892520189285278e+00</stageThreshold>
      <weakClassifiers>
        <_>
          <internalNodes>
            0 -1 336 4.1067045181989670e-02</internalNodes>
          <leafValues>
            -6.2527233362197876e-01 6.2242317199707031e-01</leafValues></_>
        <_>
          <internalNodes>
            0 -1 289 1.8983893096446991e-02</internalNodes>
          <leafValues>
            -6.7720466852188110e-01 3.6146998405456543e-01</leafValues></_>
        <_>
          <internalNodes>
            0 -1 212 4.4196829199790955e-02</internalNodes>
          <leafValues>
            -3.3139359951019287e-01 6.9133532047271729e-01</leafValues></_>
        <_>
          <internalNodes>
            0 -1 321 4.5445002615451813e-02</internalNodes>
          <leafValues>
            -3.1553098559379578e-01 7.0254004001617432e-01</leafValues></_>
        <_>
          <internalNodes>
            0 -1 233 1.7994612455368042e-02</internalNodes>
          <leafValues>
            -6.6552180051803589e-01 3.1542783975601196e-01</leafValues></_>
        <_>
          <internalNodes>
            0 -1 89 1.3387490995228291e-02</internalNodes>
          <leafValues>
            4.5242157578468323e-01 -3.5631394386291504e-01</leafValues></_>
        <_>
          <internalNodes>
            0 -1 235 3.5783760249614716e-02</internalNodes>
          <leafValues>
            -3.1567603349685669e-01 4.6017131209373474e-01</leafValues></_>
        <_>
          <internalNodes>
            0 -1 123 2.4081407114863396e-02</internalNodes>
          <leafValues>
            -5.4041635990142822e-01 2.7637469768524170e-01</leafValues></_>
        <_>
          <internalNodes>
            0 -1 146 2.6137366890907288e-02</internalNodes>
          <leafValues>
            -4.3760469555854797e-01 3.6060652136802673e-01</leafValues></_>
        <_>
          <internalNodes>
            0 -1 148 2.4490453302860260e-02</internalNodes>
          <leafValues>
            -3.9335787296295166e-01 3.6600553989410400e-01</leafValues></_>
        <_>
          <internalNodes>
            0 -1 216 4.0756478905677795e-02</internalNodes>
          <leafValues>
            -2.3717504739761353e-01 5.8955818414688110e-01</leafValues></_>
        <_>
          <internalNodes>
            0 -1 241 1.1040084064006805e-02</internalNodes>
          <leafValues>
            3.6979997158050537e-01 -3.5485744476318359e-01</leafValues></_></weakClassifiers></_>
    <!-- stage 2 -->
    <_>
      <maxWeakCount>12</maxWeakCount>
      <stageThreshold>-1.1959737539291382e+00</stageThreshold>
      <weakClassifiers>
        <_>
          <internalNodes>
            0 -1 322 3.7832651287317276e-02</internalNodes>
          <leafValues>
            -1.8159204721450806e-01 6.9319826364517212e-01</leafValues></_>
        <_>
          <internalNodes>
            0 -1 292 5.0577647984027863e-02</internalNodes>
          <leafValues>
            -2.0925754308700562e-01 7.2962373495101929e-01</leafValues></_>
        <_>
          <internalNodes>
            0 -1 234 1.6276726499199867e-02</internalNodes>
          <leafValues>
            -6.8288737535476685e-01 3.0615946650505066e-01</leafValues></_>
        <_>
          <internalNodes>
            0 -1 77 3.1024269759654999e-02</internalNodes>
          <leafValues>
            -4.1699072718620300e-01 4.6485441923141479e-01</leafValues></_>
        <_>
          <internalNodes>
            0 -1 46 6.0978233814239502e-02</internalNodes>
          <leafValues>
            -2.4764993786811829e-01 6.5712445974349976e-01</leafValues></_>
        <_>
          <internalNodes>
            0 -1 199 2.3160204291343689e-02</internalNodes>
          <leafValues>
            2.9806694388389587e-01 -4.8966988921165466e-01</leafValues></_>
        <_>
          <internalNodes>
            0 -1 248 1.1207884177565575e-02</internalNodes>
          <leafValues>
            -9.2885184288024902e-01 1.5638683736324310e-01</leafValues></_>
        <_>
          <internalNodes>
            0 -1 110 1.8879573792219162e-02</internalNodes>
          <leafValues>
            -5.1276952028274536e-01 2.3601432144641876e-01</leafValues></_>
        <_>
          <internalNodes>
            0 -1 280 3.2837875187397003e-02</internalNodes>
          <leafValues>
            -5.6813049316406250e-01 2.3437511920928955e-01</leafValues></_>
        <_>
          <internalNodes>
            0 -1 98 1.9376313313841820e-02</internalNodes>
          <leafValues>
            3.2780268788337708e-01 -4.2288333177566528e-01</leafValues></_>
        <_>
          <internalNodes>
            0 -1 7 2.1623112261295319e-03</internalNodes>
          <leafValues>
            5.7303142547607422e-01 -2.4394556879997253e-01</leafValues></_>
        <_>
          <internalNodes>
            0 -1 57 4.9010226503014565e-03</internalNodes>
          <leafValues>
            -8.0882829427719116e-01 1.5895178914070129e-01</leafValues></_></weakClassifiers></_>
    <!-- stage 3 -->
    <_>
      <maxWeakCount>15</maxWeakCount>
      <stageThreshold>-1.3898091316223145e+00</stageThreshold>
      <weakClassifiers>
        <_>
          <internalNodes>
            0 -1 320 4.2714059352874756e-02</internalNodes>
          <leafValues>
            -5.3567111492156982e-01 5.5610096454620361e-01</leafValues></_>
        <_>
          <internalNodes>
            0 -1 90 1.5158010646700859e-02</internalNodes>
          <leafValues>
            3.5407143831253052e-01 -5.1111865043640137e-01</leafValues></_>
        <_>
          <internalNodes>
            0 -1 22 4.9091037362813950e-02</internalNodes>
          <leafValues>
            -2.6780378818511963e-01 5.8669203519821167e-01</leafValues></_>
        <_>
          <internalNodes>
            0 -1 243 2.2899052128195763e-02</internalNodes>
          <leafValues>
            -6.0076773166656494e-01 2.2591404616832733e-01</leafValues></_>
        <_>
          <internalNodes>
            0 -1 217 3.2322973012924194e-02</internalNodes>
          <leafValues>
            -3.1220617890357971e-01 4.1980391740798950e-01</leafValues></_>
        <_>
          <internalNodes>
            0 -1 279 2.4152413010597229e-02</internalNodes>
          <leafValues>
            -6.3701003789901733e-01 1.8188869953155518e-01</leafValues></_>
        <_>
          <internalNodes>
            0 -1 190 2.9873754829168320e-04</internalNodes>
          <leafValues>
            9.1975229978561401e-01 -1.4346230030059814e-01</leafValues></_>
        <_>
          <internalNodes>
            0 -1 206 1.8743107095360756e-02</internalNodes>
          <leafValues>
            -4.6768307685852051e-01 2.6780220866203308e-01</leafValues></_>
        <_>
          <internalNodes>
            0 -1 38 3.7391316145658493e-02</internalNodes>
          <leafValues>
            -2.8894662857055664e-01 4.2067492008209229e-01</leafValues></_>
        <_>
          <internalNodes>
            0 -1 83 9.8837595432996750e-03</internalNodes>
          <leafValues>
            4.5522138476371765e-01 -2.3896892368793488e-01</leafValues></_>
        <_>
          <internalNodes>
            0 -1 326 2.8357723727822304e-02</internalNodes>
          <leafValues>
            1.7052036523818970e-01 -6.5483689308166504e-01</leafValues></_>
        <_>
          <internalNodes>
            0 -1 100 4.7535963356494904e-02</internalNodes>
          <leafValues>
            -2.3751693964004517e-01 4.1818818449974060e-01</leafValues></_>
        <_>
          <internalNodes>
            0 -1 349 2.8189450502395630e-02</internalNodes>
          <leafValues>
            1.6941885650157928e-01 -6.3356381654739380e-01</leafValues></_>
        <_>
          <internalNodes>
            0 -1 287 1.8579363822937012e-02</internalNodes>
          <leafValues>
            2.3700451850891113e-01 -4.1473904252052307e-01</leafValues></_>
        <_>
          <internalNodes>
            0 -1 220 1.2105625122785568e-02</internalNodes>
          <leafValues>
            -7.8972709178924561e-01 1.5028510987758636e-01</leafValues></_></weakClassifiers></_>
    <!-- stage 4 -->
    <_>
      <maxWeakCount>21</maxWeakCount>
      <stageThreshold>-1.6860295534133911e+00</stageThreshold>
      <weakClassifiers>
        <_>
          <internalNodes>
            0 -1 302 3.7575647234916687e-02</internalNodes>
          <leafValues>
            -6.0270267724990845e-01 5.4034727811813354e-01</leafValues></_>
        <_>
          <internalNodes>
            0 -1 247 1.6087241470813751e-02</internalNodes>
          <leafValues>
            3.3925309777259827e-01 -5.3240203857421875e-01</leafValues></_>
        <_>
          <internalNodes>
            0 -1 93 6.3340760767459869e-02</internalNodes>
          <leafValues>
            -2.0162729918956757e-01 6.6465598344802856e-01</leafValues></_>
        <_>
          <internalNodes>
            0 -1 203 4.4008646160364151e-02</internalNodes>
          <leafValues>
            -2.8478798270225525e-01 4.7082582116127014e-01</leafValues></_>
        <_>
          <internalNodes>
            0 -1 124 3.3024892210960388e-02</internalNodes>
          <leafValues>
            -4.5448386669158936e-01 2.5821137428283691e-01</leafValues></_>
        <_>
          <internalNodes>
            0 -1 188 2.5981206446886063e-02</internalNodes>
          <leafValues>
            -4.5254203677177429e-01 2.6721400022506714e-01</leafValues></_>
        <_>
          <internalNodes>
            0 -1 194 2.2035334259271622e-02</internalNodes>
          <leafValues>
            -4.8056662082672119e-01 2.5340455770492554e-01</leafValues></_>
        <_>
          <internalNodes>
            0 -1 198 1.9794074818491936e-02</internalNodes>
          <leafValues>
            2.0704679191112518e-01 -4.7168165445327759e-01</leafValues></_>
        <_>
          <internalNodes>
            0 -1 165 7.0376405492424965e-03</internalNodes>
          <leafValues>
            4.5069459080696106e-01 -2.4645081162452698e-01</leafValues></_>
        <_>
          <internalNodes>
            0 -1 88 2.2996518760919571e-02</internalNodes>
          <leafValues>
            3.5672917962074280e-01 -2.9435169696807861e-01</leafValues></_>
        <_>
          <internalNodes>
            0 -1 319 1.5590962022542953e-02</internalNodes>
          <leafValues>
            -6.4409792423248291e-01 1.4834263920783997e-01</leafValues></_>
        <_>
          <internalNodes>
            0 -1 275 2.3711834102869034e-02</internalNodes>
          <leafValues>
            -3.8663133978843689e-01 2.4280521273612976e-01</leafValues></_>
        <_>
          <internalNodes>
            0 -1 80 2.5748975574970245e-02</internalNodes>
          <leafValues>
            -4.3955314159393311e-01 1.9681337475776672e-01</leafValues></_>
        <_>
          <internalNodes>
            0 -1 32 1.9389633089303970e-02</internalNodes>
          <leafValues>
            -4.4207388162612915e-01 2.1649160981178284e-01</leafValues></_>
        <_>
          <internalNodes>
            0 -1 16 1.2506336905062199e-02</internalNodes>
          <leafValues>
            3.4090539813041687e-01 -2.6403146982192993e-01</leafValues></_>
        <_>
          <internalNodes>
            0 -1 187 1.4187177643179893e-02</internalNodes>
          <leafValues>
            3.0327329039573669e-01 -3.0245900154113770e-01</leafValues></_>
        <_>
          <internalNodes>
            0 -1 231 5.2459850907325745e-02</internalNodes>
          <leafValues>
            -1.6340762376785278e-01 4.9253937602043152e-01</leafValues></_>
        <_>
          <internalNodes>
            0 -1 345 1.9779523834586143e-02</internalNodes>
          <leafValues>
            -4.9630334973335266e-01 1.8039052188396454e-01</leafValues></_>
        <_>
          <internalNodes>
            0 -1 145 1.7523717135190964e-02</internalNodes>
          <leafValues>
            -4.5934358239173889e-01 1.6528829932212830e-01</leafValues></_>
        <_>
          <internalNodes>
            0 -1 269 2.1110419183969498e-02</internalNodes>
          <leafValues>
            2.1362626552581787e-01 -4.5235490798950195e-01</leafValues></_>
        <_>
          <internalNodes>
            0 -1 306 2.1424371749162674e-02</internalNodes>
          <leafValues>
            -7.7759957313537598e-01 1.1396802961826324e-01</leafValues></_></weakClassifiers></_>
    <!-- stage 5 -->
    <_>
      <maxWeakCount>23</maxWeakCount>
      <stageThreshold>-1.5339187383651733e+00</stageThreshold>
      <weakClassifiers>
        <_>
          <internalNodes>
            0 -1 246 1.7746351659297943e-02</internalNodes>
          <leafValues>
            5.2122724056243896e-01 -3.6926606297492981e-01</leafValues></_>
        <_>
          <internalNodes>
            0 -1 89 1.9608579576015472e-02</internalNodes>
          <leafValues>
            3.2868322730064392e-01 -4.6919137239456177e-01</leafValues></_>
        <_>
          <internalNodes>
            0 -1 22 6.1853498220443726e-02</internalNodes>
          <leafValues>
            -2.4407073855400085e-01 5.4647374153137207e-01</leafValues></_>
        <_>
          <internalNodes>
            0 -1 172 4.1813913732767105e-02</internalNodes>
          <leafValues>
            -3.2638171315193176e-01 3.6137986183166504e-01</leafValues></_>
        <_>
          <internalNodes>
            0 -1 322 2.3159261792898178e-02</internalNodes>
          <leafValues>
            -6.7261499166488647e-01 1.3858868181705475e-01</leafValues></_>
        <_>
          <internalNodes>
            0 -1 190 2.3107463493943214e-04</internalNodes>
          <leafValues>
            8.9462494850158691e-01 -1.2449954450130463e-01</leafValues></_>
        <_>
          <internalNodes>
            0 -1 202 1.8042016774415970e-02</internalNodes>
          <leafValues>
            -5.2929395437240601e-01 2.0960241556167603e-01</leafValues></_>
        <_>
          <internalNodes>
            0 -1 82 3.8779314607381821e-02</internalNodes>
          <leafValues>
            -2.4544139206409454e-01 4.5777475833892822e-01</leafValues></_>
        <_>
          <internalNodes>
            0 -1 305 2.5971466675400734e-02</internalNodes>
          <leafValues>
            -6.2161213159561157e-01 1.5148676931858063e-01</leafValues></_>
        <_>
          <internalNodes>
            0 -1 86 1.9743941724300385e-02</internalNodes>
          <leafValues>
            3.5154524445533752e-01 -2.6318460702896118e-01</leafValues></_>
        <_>
          <internalNodes>
            0 -1 259 3.9336808025836945e-02</internalNodes>
          <leafValues>
            -3.8840150833129883e-01 2.3046810925006866e-01</leafValues></_>
        <_>
          <internalNodes>
            0 -1 270 1.4051261357963085e-02</internalNodes>
          <leafValues>
            -7.2321110963821411e-01 1.3711690902709961e-01</leafValues></_>
        <_>
          <internalNodes>
            0 -1 337 2.8759900480508804e-02</internalNodes>
          <leafValues>
            -3.5469532012939453e-01 2.3595979809761047e-01</leafValues></_>
        <_>
          <internalNodes>
            0 -1 196 1.8796667456626892e-02</internalNodes>
          <leafValues>
            2.9777875542640686e-01 -3.3410704135894775e-01</leafValues></_>
        <_>
          <internalNodes>
            0 -1 249 1.4137415215373039e-02</internalNodes>
          <leafValues>
            -7.9346901178359985e-01 9.9875666201114655e-02</leafValues></_>
        <_>
          <internalNodes>
            0 -1 186 2.4374712258577347e-02</internalNodes>
          <leafValues>
            -3.6406487226486206e-01 2.2995673120021820e-01</leafValues></_>
        <_>
          <internalNodes>
            0 -1 103 5.0755113363265991e-02</internalNodes>
          <leafValues>
            -2.2414109110832214e-01 3.4379762411117554e-01</leafValues></_>
        <_>
          <internalNodes>
            0 -1 265 3.8922727108001709e-02</internalNodes>
          <leafValues>
            -2.2915787994861603e-01 3.6819219589233398e-01</leafValues></_>
        <_>
          <internalNodes>
            0 -1 121 1.8898528069257736e-02</internalNodes>
          <leafValues>
            -4.4168615341186523e-01 1.7275992035865784e-01</leafValues></_>
        <_>
          <internalNodes>
            0 -1 152 4.2962275445461273e-02</internalNodes>
          <leafValues>
            -1.8974341452121735e-01 4.0567523241043091e-01</leafValues></_>
        <_>
          <internalNodes>
            0 -1 288 2.5462701916694641e-02</internalNodes>
          <leafValues>
            1.5854451060295105e-01 -5.4099434614181519e-01</leafValues></_>
        <_>
          <internalNodes>
            0 -1 25 7.8997481614351273e-03</internalNodes>
          <leafValues>
            3.3593666553497314e-01 -2.0829722285270691e-01</leafValues></_>
        <_>
          <internalNodes>
            0 -1 331 1.1803207919001579e-02</internalNodes>
          <leafValues>
            -7.3893392086029053e-01 9.4255544245243073e-02</leafValues></_></weakClassifiers></_>
    <!-- stage 6 -->
    <_>
      <maxWeakCount>27</maxWeakCount>
      <stageThreshold>-1.2287677526473999e+00</stageThreshold>
      <weakClassifiers>
        <_>
          <internalNodes>
            0 -1 291 5.7660397142171860e-02</internalNodes>
          <leafValues>
            -1.8690784275531769e-01 5.3901273012161255e-01</leafValues></_>
        <_>
          <internalNodes>
            0 -1 250 3.9140284061431885e-02</internalNodes>
          <leafValues>
            -2.6295030117034912e-01 4.9534913897514343e-01</leafValues></_>
        <_>
          <internalNodes>
            0 -1 106 3.0527974013239145e-04</internalNodes>
          <leafValues>
            9.0396559238433838e-01 -1.2413638830184937e-01</leafValues></_>
        <_>
          <internalNodes>
            0 -1 203 4.0888030081987381e-02</internalNodes>
          <leafValues>
            -2.8987300395965576e-01 3.8753667473793030e-01</leafValues></_>
        <_>
          <internalNodes>
            0 -1 222 1.6412731260061264e-02</internalNodes>
          <leafValues>
            2.8276157379150391e-01 -3.7857210636138916e-01</leafValues></_>
        <_>
          <internalNodes>
            0 -1 37 3.8742683827877045e-02</internalNodes>
          <leafValues>
            -2.1453019976615906e-01 4.1732725501060486e-01</leafValues></_>
        <_>
          <internalNodes>
            0 -1 213 1.9052762538194656e-02</internalNodes>
          <leafValues>
            -4.7683051228523254e-01 1.5153351426124573e-01</leafValues></_>
        <_>
          <internalNodes>
            0 -1 40 1.7174959182739258e-02</internalNodes>
          <leafValues>
            2.3670972883701324e-01 -3.6599719524383545e-01</leafValues></_>
        <_>
          <internalNodes>
            0 -1 148 2.5062706321477890e-02</internalNodes>
          <leafValues>
            -3.3356654644012451e-01 2.2841952741146088e-01</leafValues></_>
        <_>
          <internalNodes>
            0 -1 123 2.0111547783017159e-02</internalNodes>
          <leafValues>
            -5.1111215353012085e-01 1.5015926957130432e-01</leafValues></_>
        <_>
          <internalNodes>
            0 -1 32 2.6549477130174637e-02</internalNodes>
          <leafValues>
            -3.2765942811965942e-01 2.5389191508293152e-01</leafValues></_>
        <_>
          <internalNodes>
            0 -1 166 1.8568124622106552e-02</internalNodes>
          <leafValues>
            2.3036235570907593e-01 -3.5319459438323975e-01</leafValues></_>
        <_>
          <internalNodes>
            0 -1 334 3.3692803233861923e-02</internalNodes>
          <leafValues>
            -2.6585903763771057e-01 3.0500078201293945e-01</leafValues></_>
        <_>
          <internalNodes>
            0 -1 86 2.2167559713125229e-02</internalNodes>
          <leafValues>
            3.0248057842254639e-01 -2.4808089435100555e-01</leafValues></_>
        <_>
          <internalNodes>
            0 -1 344 2.2493625059723854e-02</internalNodes>
          <leafValues>
            -4.4827082753181458e-01 1.6700059175491333e-01</leafValues></_>
        <_>
          <internalNodes>
            0 -1 195 3.1867600977420807e-02</internalNodes>
          <leafValues>
            -2.1906653046607971e-01 3.3391276001930237e-01</leafValues></_>
        <_>
          <internalNodes>
            0 -1 5 4.3902784585952759e-02</internalNodes>
          <leafValues>
            -2.2441156208515167e-01 3.2526150345802307e-01</leafValues></_>
        <_>
          <internalNodes>
            0 -1 313 2.5390956550836563e-02</internalNodes>
          <leafValues>
            -3.5855543613433838e-01 2.1215422451496124e-01</leafValues></_>
        <_>
          <internalNodes>
            0 -1 311 4.9432218074798584e-02</internalNodes>
          <leafValues>
            -1.9290739297866821e-01 4.2021515965461731e-01</leafValues></_>
        <_>
          <internalNodes>
            0 -1 215 3.7007138133049011e-02</internalNodes>
          <leafValues>
            -1.6813166439533234e-01 4.1234439611434937e-01</leafValues></_>
        <_>
          <internalNodes>
            0 -1 117 4.0963258594274521e-02</internalNodes>
          <leafValues>
            -1.6704203188419342e-01 3.6784473061561584e-01</leafValues></_>
        <_>
          <internalNodes>
            0 -1 342 2.2653136402368546e-02</internalNodes>
          <leafValues>
            -7.7541339397430420e-01 8.8317774236202240e-02</leafValues></_>
        <_>
          <internalNodes>
            0 -1 64 1.0511937551200390e-02</internalNodes>
          <leafValues>
            3.4002092480659485e-01 -2.2860907018184662e-01</leafValues></_>
        <_>
          <internalNodes>
            0 -1 237 2.5077983736991882e-02</internalNodes>
          <leafValues>
            -4.0144598484039307e-01 1.8440341949462891e-01</leafValues></_>
        <_>
          <internalNodes>
            0 -1 67 4.8367362469434738e-02</internalNodes>
          <leafValues>
            -1.9148765504360199e-01 3.8982942700386047e-01</leafValues></_>
        <_>
          <internalNodes>
            0 -1 339 2.1756539121270180e-02</internalNodes>
          <leafValues>
            -3.4979331493377686e-01 1.9590540230274200e-01</leafValues></_>
        <_>
          <internalNodes>
            0 -1 262 2.1417796611785889e-02</internalNodes>
          <leafValues>
            1.7624047398567200e-01 -4.1522634029388428e-01</leafValues></_></weakClassifiers></_>
    <!-- stage 7 -->
    <_>
      <maxWeakCount>29</maxWeakCount>
      <stageThreshold>-1.2405850887298584e+00</stageThreshold>
      <weakClassifiers>
        <_>
          <internalNodes>
            0 -1 256 1.5910245478153229e-02</internalNodes>
          <leafValues>
            4.8964497447013855e-01 -1.9917012751102448e-01</leafValues></_>
        <_>
          <internalNodes>
            0 -1 87 5.3472027182579041e-02</internalNodes>
          <leafValues>
            -1.7797344923019409e-01 5.8839869499206543e-01</leafValues></_>
        <_>
          <internalNodes>
            0 -1 179 3.6529329372569919e-04</internalNodes>
          <leafValues>
            9.3642050027847290e-01 -9.5451585948467255e-02</leafValues></_>
        <_>
          <internalNodes>
            0 -1 244 3.6042451858520508e-02</internalNodes>
          <leafValues>
            -2.9261070489883423e-01 3.4993049502372742e-01</leafValues></_>
        <_>
          <internalNodes>
            0 -1 78 5.1430743187665939e-02</internalNodes>
          <leafValues>
            -1.6496975719928741e-01 4.9902182817459106e-01</leafValues></_>
        <_>
          <internalNodes>
            0 -1 235 2.9444571584463120e-02</internalNodes>
          <leafValues>
            -3.9380007982254028e-01 2.3096460103988647e-01</leafValues></_>
        <_>
          <internalNodes>
            0 -1 92 2.1091811358928680e-02</internalNodes>
          <leafValues>
            -4.0938758850097656e-01 2.2900272905826569e-01</leafValues></_>
        <_>
          <internalNodes>
            0 -1 274 3.1958684325218201e-02</internalNodes>
          <leafValues>
            -5.8381831645965576e-01 1.5022489428520203e-01</leafValues></_>
        <_>
          <internalNodes>
            0 -1 266 3.1463608145713806e-02</internalNodes>
          <leafValues>
            -4.5717522501945496e-01 2.1122848987579346e-01</leafValues></_>
        <_>
          <internalNodes>
            0 -1 69 4.9981743097305298e-02</internalNodes>
          <leafValues>
            -2.1455633640289307e-01 3.4665060043334961e-01</leafValues></_>
        <_>
          <internalNodes>
            0 -1 25 8.7970234453678131e-03</internalNodes>
          <leafValues>
            3.3616116642951965e-01 -2.2954264283180237e-01</leafValues></_>
        <_>
          <internalNodes>
            0 -1 168 1.2973744422197342e-02</internalNodes>
          <leafValues>
            -5.0103908777236938e-01 1.4916928112506866e-01</leafValues></_>
        <_>
          <internalNodes>
            0 -1 70 1.9297659397125244e-02</internalNodes>
          <leafValues>
            3.0862456560134888e-01 -2.3764756321907043e-01</leafValues></_>
        <_>
          <internalNodes>
            0 -1 14 1.8344327807426453e-02</internalNodes>
          <leafValues>
            -3.1285601854324341e-01 2.3212838172912598e-01</leafValues></_>
        <_>
          <internalNodes>
            0 -1 102 4.1893377900123596e-02</internalNodes>
          <leafValues>
            -2.2526334226131439e-01 2.9942217469215393e-01</leafValues></_>
        <_>
          <internalNodes>
            0 -1 297 1.8836364150047302e-02</internalNodes>
          <leafValues>
            -8.1693333387374878e-01 9.4226688146591187e-02</leafValues></_>
        <_>
          <internalNodes>
            0 -1 286 1.7654916271567345e-02</internalNodes>
          <leafValues>
            -5.6162315607070923e-01 1.0335569828748703e-01</leafValues></_>
        <_>
          <internalNodes>
            0 -1 159 9.9251531064510345e-03</internalNodes>
          <leafValues>
            3.6257472634315491e-01 -1.9221870601177216e-01</leafValues></_>
        <_>
          <internalNodes>
            0 -1 158 8.9665669947862625e-03</internalNodes>
          <leafValues>
            -6.4949202537536621e-01 1.0912708938121796e-01</leafValues></_>
        <_>
          <internalNodes>
            0 -1 301 1.7587037757039070e-02</internalNodes>
          <leafValues>
            -5.6846481561660767e-01 9.5655515789985657e-02</leafValues></_>
        <_>
          <internalNodes>
            0 -1 325 2.1682918071746826e-02</internalNodes>
          <leafValues>
            1.8014684319496155e-01 -4.1464748978614807e-01</leafValues></_>
        <_>
          <internalNodes>
            0 -1 27 1.2902781367301941e-02</internalNodes>
          <leafValues>
            3.2621017098426819e-01 -2.0744636654853821e-01</leafValues></_>
        <_>
          <internalNodes>
            0 -1 294 5.5096346884965897e-02</internalNodes>
          <leafValues>
            -1.3762649893760681e-01 4.7689184546470642e-01</leafValues></_>
        <_>
          <internalNodes>
            0 -1 268 2.2527877241373062e-02</internalNodes>
          <leafValues>
            -6.6754311323165894e-01 1.0436699539422989e-01</leafValues></_>
        <_>
          <internalNodes>
            0 -1 312 2.6478927582502365e-02</internalNodes>
          <leafValues>
            -3.2897776365280151e-01 1.9156892597675323e-01</leafValues></_>
        <_>
          <internalNodes>
            0 -1 332 2.3097321391105652e-02</internalNodes>
          <leafValues>
            -4.3431118130683899e-01 1.6149459779262543e-01</leafValues></_>
        <_>
          <internalNodes>
            0 -1 177 1.0139147192239761e-01</internalNodes>
          <leafValues>
            -1.1650690436363220e-01 5.8038562536239624e-01</leafValues></_>
        <_>
          <internalNodes>
            0 -1 327 1.6492731869220734e-02</internalNodes>
          <leafValues>
            -6.7072778940200806e-01 9.8878830671310425e-02</leafValues></_>
        <_>
          <internalNodes>
            0 -1 112 1.6594436019659042e-02</internalNodes>
          <leafValues>
            2.2750815749168396e-01 -2.5610488653182983e-01</leafValues></_></weakClassifiers></_>
    <!-- stage 8 -->
    <_>
      <maxWeakCount>30</maxWeakCount>
      <stageThreshold>-1.3487805128097534e+00</stageThreshold>
      <weakClassifiers>
        <_>
          <internalNodes>
            0 -1 29 4.3856076896190643e-02</internalNodes>
          <leafValues>
            7.0063695311546326e-02 6.6530615091323853e-01</leafValues></_>
        <_>
          <internalNodes>
            0 -1 105 3.7760555278509855e-04</internalNodes>
          <leafValues>
            8.9616560935974121e-01 -9.4560384750366211e-02</leafValues></_>
        <_>
          <internalNodes>
            0 -1 219 4.8408396542072296e-02</internalNodes>
          <leafValues>
            -2.0724710822105408e-01 4.8089849948883057e-01</leafValues></_>
        <_>
          <internalNodes>
            0 -1 94 7.1318700909614563e-02</internalNodes>
          <leafValues>
            -1.5854303538799286e-01 6.4427083730697632e-01</leafValues></_>
        <_>
          <internalNodes>
            0 -1 205 1.4711234718561172e-02</internalNodes>
          <leafValues>
            2.8177097439765930e-01 -3.3184978365898132e-01</leafValues></_>
        <_>
          <internalNodes>
            0 -1 253 5.2261345088481903e-02</internalNodes>
          <leafValues>
            -1.5033571422100067e-01 5.4715436697006226e-01</leafValues></_>
        <_>
          <internalNodes>
            0 -1 236 2.6810497045516968e-02</internalNodes>
          <leafValues>
            -5.2593815326690674e-01 1.4920124411582947e-01</leafValues></_>
        <_>
          <internalNodes>
            0 -1 233 1.3312021270394325e-02</internalNodes>
          <leafValues>
            -7.4880230426788330e-01 9.2508107423782349e-02</leafValues></_>
        <_>
          <internalNodes>
            0 -1 323 2.3461462929844856e-02</internalNodes>
          <leafValues>
            1.5232248604297638e-01 -4.2831045389175415e-01</leafValues></_>
        <_>
          <internalNodes>
            0 -1 47 9.5951259136199951e-03</internalNodes>
          <leafValues>
            2.6659640669822693e-01 -2.4682827293872833e-01</leafValues></_>
        <_>
          <internalNodes>
            0 -1 23 1.5856420621275902e-02</internalNodes>
          <leafValues>
            3.6267393827438354e-01 -1.8947099149227142e-01</leafValues></_>
        <_>
          <internalNodes>
            0 -1 185 2.1082982420921326e-02</internalNodes>
          <leafValues>
            2.1580515801906586e-01 -3.4019029140472412e-01</leafValues></_>
        <_>
          <internalNodes>
            0 -1 180 2.3478172719478607e-02</internalNodes>
          <leafValues>
            -3.8916146755218506e-01 2.0956009626388550e-01</leafValues></_>
        <_>
          <internalNodes>
            0 -1 193 1.1266678571701050e-02</internalNodes>
          <leafValues>
            -7.3809647560119629e-01 1.0321939736604691e-01</leafValues></_>
        <_>
          <internalNodes>
            0 -1 211 1.0902641341090202e-02</internalNodes>
          <leafValues>
            -6.7917335033416748e-01 8.1641808152198792e-02</leafValues></_>
        <_>
          <internalNodes>
            0 -1 252 2.6627738028764725e-02</internalNodes>
          <leafValues>
            1.7187523841857910e-01 -3.9075088500976562e-01</leafValues></_>
        <_>
          <internalNodes>
            0 -1 4 4.1450824588537216e-02</internalNodes>
          <leafValues>
            -2.3061840236186981e-01 3.1342229247093201e-01</leafValues></_>
        <_>
          <internalNodes>
            0 -1 330 6.7073376849293709e-03</internalNodes>
          <leafValues>
            -7.2881162166595459e-01 9.0777657926082611e-02</leafValues></_>
        <_>
          <internalNodes>
            0 -1 42 5.4658800363540649e-02</internalNodes>
          <leafValues>
            -1.4003367722034454e-01 5.2002394199371338e-01</leafValues></_>
        <_>
          <internalNodes>
            0 -1 163 6.5165990963578224e-03</internalNodes>
          <leafValues>
            5.0008004903793335e-01 -1.2430414557456970e-01</leafValues></_>
        <_>
          <internalNodes>
            0 -1 8 6.8811113014817238e-03</internalNodes>
          <leafValues>
            -5.5101394653320312e-01 1.2899313867092133e-01</leafValues></_>
        <_>
          <internalNodes>
            0 -1 7 1.2746095657348633e-02</internalNodes>
          <leafValues>
            2.5801777839660645e-01 -3.1287133693695068e-01</leafValues></_>
        <_>
          <internalNodes>
            0 -1 151 3.7452548742294312e-02</internalNodes>
          <leafValues>
            -1.9353994727134705e-01 3.4399139881134033e-01</leafValues></_>
        <_>
          <internalNodes>
            0 -1 142 1.2516525574028492e-02</internalNodes>
          <leafValues>
            2.9171052575111389e-01 -2.2746521234512329e-01</leafValues></_>
        <_>
          <internalNodes>
            0 -1 277 2.0493447780609131e-02</internalNodes>
          <leafValues>
            -3.2076144218444824e-01 2.0984172821044922e-01</leafValues></_>
        <_>
          <internalNodes>
            0 -1 316 2.5254163891077042e-02</internalNodes>
          <leafValues>
            1.8700164556503296e-01 -3.6735102534294128e-01</leafValues></_>
        <_>
          <internalNodes>
            0 -1 54 2.7837499510496855e-03</internalNodes>
          <leafValues>
            -5.4475897550582886e-01 1.1542058736085892e-01</leafValues></_>
        <_>
          <internalNodes>
            0 -1 184 6.7982641048729420e-03</internalNodes>
          <leafValues>
            4.2844116687774658e-01 -1.6419972479343414e-01</leafValues></_>
        <_>
          <internalNodes>
            0 -1 38 4.9007624387741089e-02</internalNodes>
          <leafValues>
            -1.7051611840724945e-01 3.8600775599479675e-01</leafValues></_>
        <_>
          <internalNodes>
            0 -1 229 3.5981617867946625e-02</internalNodes>
          <leafValues>
            -2.1885232627391815e-01 3.1322839856147766e-01</leafValues></_></weakClassifiers></_>
    <!-- stage 9 -->
    <_>
      <maxWeakCount>38</maxWeakCount>
      <stageThreshold>-1.2862472534179688e+00</stageThreshold>
      <weakClassifiers>
        <_>
          <internalNodes>
            0 -1 335 5.6548938155174255e-02</internalNodes>
          <leafValues>
            -1.5599639713764191e-01 5.0977325439453125e-01</leafValues></_>
        <_>
          <internalNodes>
            0 -1 156 9.3415507581084967e-04</internalNodes>
          <leafValues>
            9.6629905700683594e-01 -9.3078859150409698e-02</leafValues></_>
        <_>
          <internalNodes>
            0 -1 46 5.4325450211763382e-02</internalNodes>
          <leafValues>
            -2.4732561409473419e-01 4.3581870198249817e-01</leafValues></_>
        <_>
          <internalNodes>
            0 -1 88 1.6218431293964386e-02</internalNodes>
          <leafValues>
            3.6840456724166870e-01 -2.0406542718410492e-01</leafValues></_>
        <_>
          <internalNodes>
            0 -1 91 1.3210243545472622e-02</internalNodes>
          <leafValues>
            2.3294821381568909e-01 -3.2920730113983154e-01</leafValues></_>
        <_>
          <internalNodes>
            0 -1 157 2.6505570858716965e-02</internalNodes>
          <leafValues>
            -3.2226952910423279e-01 1.9405101239681244e-01</leafValues></_>
        <_>
          <internalNodes>
            0 -1 282 4.1530221700668335e-02</internalNodes>
          <leafValues>
            -2.3918105661869049e-01 2.9292416572570801e-01</leafValues></_>
        <_>
          <internalNodes>
            0 -1 228 3.1019683927297592e-02</internalNodes>
          <leafValues>
            -3.4781393408775330e-01 2.1760728955268860e-01</leafValues></_>
        <_>
          <internalNodes>
            0 -1 304 1.2035353109240532e-02</internalNodes>
          <leafValues>
            -8.3345520496368408e-01 7.9600155353546143e-02</leafValues></_>
        <_>
          <internalNodes>
            0 -1 254 3.5405211150646210e-02</internalNodes>
          <leafValues>
            -2.2735160589218140e-01 2.6957127451896667e-01</leafValues></_>
        <_>
          <internalNodes>
            0 -1 183 2.2332301363348961e-02</internalNodes>
          <leafValues>
            1.7320515215396881e-01 -3.6516782641410828e-01</leafValues></_>
        <_>
          <internalNodes>
            0 -1 225 1.8852848559617996e-02</internalNodes>
          <leafValues>
            -5.3345912694931030e-01 1.0974604636430740e-01</leafValues></_>
        <_>
          <internalNodes>
            0 -1 85 7.0566348731517792e-03</internalNodes>
          <leafValues>
            3.1933254003524780e-01 -1.8749979138374329e-01</leafValues></_>
        <_>
          <internalNodes>
            0 -1 245 5.7332171127200127e-03</internalNodes>
          <leafValues>
            -6.7513352632522583e-01 9.9325850605964661e-02</leafValues></_>
        <_>
          <internalNodes>
            0 -1 97 1.5375324524939060e-02</internalNodes>
          <leafValues>
            2.1795040369033813e-01 -2.8836715221405029e-01</leafValues></_>
        <_>
          <internalNodes>
            0 -1 201 2.1954677999019623e-02</internalNodes>
          <leafValues>
            -3.7841594219207764e-01 1.8642981350421906e-01</leafValues></_>
        <_>
          <internalNodes>
            0 -1 3 6.6633358597755432e-02</internalNodes>
          <leafValues>
            -1.5288859605789185e-01 4.1206213831901550e-01</leafValues></_>
        <_>
          <internalNodes>
            0 -1 171 9.1618020087480545e-03</internalNodes>
          <leafValues>
            -4.7456240653991699e-01 1.3991300761699677e-01</leafValues></_>
        <_>
          <internalNodes>
            0 -1 204 5.4110571742057800e-02</internalNodes>
          <leafValues>
            -1.2943282723426819e-01 4.8574188351631165e-01</leafValues></_>
        <_>
          <internalNodes>
            0 -1 12 7.8480765223503113e-03</internalNodes>
          <leafValues>
            -5.4164445400238037e-01 1.0848828405141830e-01</leafValues></_>
        <_>
          <internalNodes>
            0 -1 138 1.5708839520812035e-02</internalNodes>
          <leafValues>
            2.2650112211704254e-01 -2.8078481554985046e-01</leafValues></_>
        <_>
          <internalNodes>
            0 -1 55 2.4562538601458073e-03</internalNodes>
          <leafValues>
            -9.4042032957077026e-01 5.1334694027900696e-02</leafValues></_>
        <_>
          <internalNodes>
            0 -1 150 3.0855022370815277e-02</internalNodes>
          <leafValues>
            -2.1264454722404480e-01 2.6797798275947571e-01</leafValues></_>
        <_>
          <internalNodes>
            0 -1 149 2.2800959646701813e-02</internalNodes>
          <leafValues>
            1.5987502038478851e-01 -3.5122382640838623e-01</leafValues></_>
        <_>
          <internalNodes>
            0 -1 347 2.1734096109867096e-02</internalNodes>
          <leafValues>
            -2.9275867342948914e-01 2.1275185048580170e-01</leafValues></_>
        <_>
          <internalNodes>
            0 -1 33 7.6389752328395844e-02</internalNodes>
          <leafValues>
            -1.1177816241979599e-01 5.8269917964935303e-01</leafValues></_>
        <_>
          <internalNodes>
            0 -1 273 1.3646832667291164e-02</internalNodes>
          <leafValues>
            -7.0656388998031616e-01 1.0218162834644318e-01</leafValues></_>
        <_>
          <internalNodes>
            0 -1 251 3.9282560348510742e-02</internalNodes>
          <leafValues>
            -1.6003423929214478e-01 3.8874316215515137e-01</leafValues></_>
        <_>
          <internalNodes>
            0 -1 191 1.6612045466899872e-02</internalNodes>
          <leafValues>
            2.1351264417171478e-01 -2.4859373271465302e-01</leafValues></_>
        <_>
          <internalNodes>
            0 -1 192 2.6409238576889038e-02</internalNodes>
          <leafValues>
            -2.8830567002296448e-01 2.1205653250217438e-01</leafValues></_>
        <_>
          <internalNodes>
            0 -1 175 1.8614497035741806e-02</internalNodes>
          <leafValues>
            -2.8019177913665771e-01 2.5933909416198730e-01</leafValues></_>
        <_>
          <internalNodes>
            0 -1 53 4.0889047086238861e-03</internalNodes>
          <leafValues>
            4.0975359082221985e-01 -1.6184090077877045e-01</leafValues></_>
        <_>
          <internalNodes>
            0 -1 296 1.4097156003117561e-02</internalNodes>
          <leafValues>
            -5.3025293350219727e-01 1.0594881325960159e-01</leafValues></_>
        <_>
          <internalNodes>
            0 -1 49 4.9684751778841019e-02</internalNodes>
          <leafValues>
            -1.5066191554069519e-01 3.7775504589080811e-01</leafValues></_>
        <_>
          <internalNodes>
            0 -1 189 5.2736839279532433e-03</internalNodes>
          <leafValues>
            4.0403714776039124e-01 -1.3107292354106903e-01</leafValues></_>
        <_>
          <internalNodes>
            0 -1 58 3.3770427107810974e-03</internalNodes>
          <leafValues>
            -8.8108819723129272e-01 7.1244746446609497e-02</leafValues></_>
        <_>
          <internalNodes>
            0 -1 182 3.6817722022533417e-02</internalNodes>
          <leafValues>
            1.0007771104574203e-01 -4.5392367243766785e-01</leafValues></_>
        <_>
          <internalNodes>
            0 -1 170 5.3472783416509628e-02</internalNodes>
          <leafValues>
            -1.2706367671489716e-01 4.3811920285224915e-01</leafValues></_></weakClassifiers></_>
    <!-- stage 10 -->
    <_>
      <maxWeakCount>33</maxWeakCount>
      <stageThreshold>-1.1753244400024414e+00</stageThreshold>
      <weakClassifiers>
        <_>
          <internalNodes>
            0 -1 136 7.5533438939601183e-04</internalNodes>
          <leafValues>
            9.8983049392700195e-01 1.7723576724529266e-01</leafValues></_>
        <_>
          <internalNodes>
            0 -1 37 5.3669136017560959e-02</internalNodes>
          <leafValues>
            -1.3606289029121399e-01 5.6669324636459351e-01</leafValues></_>
        <_>
          <internalNodes>
            0 -1 227 5.4532062262296677e-02</internalNodes>
          <leafValues>
            -2.0813192427158356e-01 4.3086183071136475e-01</leafValues></_>
        <_>
          <internalNodes>
            0 -1 283 1.5086103230714798e-02</internalNodes>
          <leafValues>
            2.4828825891017914e-01 -3.0134597420692444e-01</leafValues></_>
        <_>
          <internalNodes>
            0 -1 111 1.7633449286222458e-02</internalNodes>
          <leafValues>
            2.0649839937686920e-01 -2.9777821898460388e-01</leafValues></_>
        <_>
          <internalNodes>
            0 -1 26 1.9883818924427032e-02</internalNodes>
          <leafValues>
            -3.4800884127616882e-01 1.8574503064155579e-01</leafValues></_>
        <_>
          <internalNodes>
            0 -1 135 1.3821007683873177e-02</internalNodes>
          <leafValues>
            -3.6175760626792908e-01 1.9782906770706177e-01</leafValues></_>
        <_>
          <internalNodes>
            0 -1 45 5.6693047285079956e-02</internalNodes>
          <leafValues>
            -1.6474375128746033e-01 3.5356733202934265e-01</leafValues></_>
        <_>
          <internalNodes>
            0 -1 272 2.6796385645866394e-02</internalNodes>
          <leafValues>
            1.1999057233333588e-01 -4.8518049716949463e-01</leafValues></_>
        <_>
          <internalNodes>
            0 -1 174 1.7717551440000534e-02</internalNodes>
          <leafValues>
            -2.6206362247467041e-01 2.4389141798019409e-01</leafValues></_>
        <_>
          <internalNodes>
            0 -1 101 1.0695524513721466e-02</internalNodes>
          <leafValues>
            3.8857230544090271e-01 -1.7285932600498199e-01</leafValues></_>
        <_>
          <internalNodes>
            0 -1 224 2.7328277006745338e-02</internalNodes>
          <leafValues>
            1.4179430902004242e-01 -4.7983539104461670e-01</leafValues></_>
        <_>
          <internalNodes>
            0 -1 74 4.7259584069252014e-02</internalNodes>
          <leafValues>
            -2.6212218403816223e-01 2.3843026161193848e-01</leafValues></_>
        <_>
          <internalNodes>
            0 -1 341 1.6574058681726456e-02</internalNodes>
          <leafValues>
            -6.7223823070526123e-01 9.7834922373294830e-02</leafValues></_>
        <_>
          <internalNodes>
            0 -1 284 3.5583987832069397e-02</internalNodes>
          <leafValues>
            -2.2184376418590546e-01 2.6126214861869812e-01</leafValues></_>
        <_>
          <internalNodes>
            0 -1 134 3.8233086466789246e-02</internalNodes>
          <leafValues>
            -2.8516194224357605e-01 2.3154942691326141e-01</leafValues></_>
        <_>
          <internalNodes>
            0 -1 260 3.3510744571685791e-02</internalNodes>
          <leafValues>
            -2.5078356266021729e-01 2.4789205193519592e-01</leafValues></_>
        <_>
          <internalNodes>
            0 -1 343 2.5639206171035767e-02</internalNodes>
          <leafValues>
            -3.0340936779975891e-01 2.0663510262966156e-01</leafValues></_>
        <_>
          <internalNodes>
            0 -1 242 1.6461979597806931e-02</internalNodes>
          <leafValues>
            -5.8665907382965088e-01 9.4431981444358826e-02</leafValues></_>
        <_>
          <internalNodes>
            0 -1 178 1.8996309489011765e-02</internalNodes>
          <leafValues>
            1.9128587841987610e-01 -2.8909093141555786e-01</leafValues></_>
        <_>
          <internalNodes>
            0 -1 181 2.3950811475515366e-02</internalNodes>
          <leafValues>
            -3.7045776844024658e-01 1.9899743795394897e-01</leafValues></_>
        <_>
          <internalNodes>
            0 -1 60 3.2993637025356293e-02</internalNodes>
          <leafValues>
            1.3002130389213562e-01 -4.7367146611213684e-01</leafValues></_>
        <_>
          <internalNodes>
            0 -1 267 2.5336133316159248e-02</internalNodes>
          <leafValues>
            -2.7597633004188538e-01 1.9634693861007690e-01</leafValues></_>
        <_>
          <internalNodes>
            0 -1 0 4.9045987427234650e-02</internalNodes>
          <leafValues>
            -1.9513186812400818e-01 2.9080745577812195e-01</leafValues></_>
        <_>
          <internalNodes>
            0 -1 15 7.8065958805382252e-03</internalNodes>
          <leafValues>
            3.1467729806900024e-01 -1.6433395445346832e-01</leafValues></_>
        <_>
          <internalNodes>
            0 -1 122 1.4332931488752365e-02</internalNodes>
          <leafValues>
            -4.2203560471534729e-01 1.3471385836601257e-01</leafValues></_>
        <_>
          <internalNodes>
            0 -1 11 8.8406950235366821e-03</internalNodes>
          <leafValues>
            3.9151564240455627e-01 -1.3914816081523895e-01</leafValues></_>
        <_>
          <internalNodes>
            0 -1 43 4.6513624489307404e-02</internalNodes>
          <leafValues>
            -1.4752934873104095e-01 3.6258295178413391e-01</leafValues></_>
        <_>
          <internalNodes>
            0 -1 50 2.3494388908147812e-02</internalNodes>
          <leafValues>
            2.6838126778602600e-01 -2.1202790737152100e-01</leafValues></_>
        <_>
          <internalNodes>
            0 -1 209 6.1163712292909622e-02</internalNodes>
          <leafValues>
            9.9440813064575195e-02 -5.6698107719421387e-01</leafValues></_>
        <_>
          <internalNodes>
            0 -1 129 1.3464689254760742e-02</internalNodes>
          <leafValues>
            -4.7826084494590759e-01 1.1041811853647232e-01</leafValues></_>
        <_>
          <internalNodes>
            0 -1 48 1.4816317707300186e-02</internalNodes>
          <leafValues>
            2.2973726689815521e-01 -2.4386659264564514e-01</leafValues></_>
        <_>
          <internalNodes>
            0 -1 84 1.0929145850241184e-02</internalNodes>
          <leafValues>
            -5.4620879888534546e-01 1.0067544132471085e-01</leafValues></_></weakClassifiers></_>
    <!-- stage 11 -->
    <_>
      <maxWeakCount>30</maxWeakCount>
      <stageThreshold>-1.2054175138473511e+00</stageThreshold>
      <weakClassifiers>
        <_>
          <internalNodes>
            0 -1 105 9.2604535166174173e-04</internalNodes>
          <leafValues>
            9.3582886457443237e-01 7.6468415558338165e-02</leafValues></_>
        <_>
          <internalNodes>
            0 -1 197 5.8581225574016571e-02</internalNodes>
          <leafValues>
            -2.5306761264801025e-01 3.3804610371589661e-01</leafValues></_>
        <_>
          <internalNodes>
            0 -1 223 4.0314588695764542e-02</internalNodes>
          <leafValues>
            -4.6086001396179199e-01 1.5225359797477722e-01</leafValues></_>
        <_>
          <internalNodes>
            0 -1 73 6.8966999650001526e-02</internalNodes>
          <leafValues>
            -1.7332689464092255e-01 4.5752188563346863e-01</leafValues></_>
        <_>
          <internalNodes>
            0 -1 140 3.9064329117536545e-02</internalNodes>
          <leafValues>
            -1.6047011315822601e-01 3.8903141021728516e-01</leafValues></_>
        <_>
          <internalNodes>
            0 -1 258 3.4134440124034882e-02</internalNodes>
          <leafValues>
            -2.9520666599273682e-01 2.1511298418045044e-01</leafValues></_>
        <_>
          <internalNodes>
            0 -1 99 4.9975350499153137e-02</internalNodes>
          <leafValues>
            -1.6670624911785126e-01 3.8053017854690552e-01</leafValues></_>
        <_>
          <internalNodes>
            0 -1 35 4.3875873088836670e-03</internalNodes>
          <leafValues>
            -8.1093537807464600e-01 7.1308158338069916e-02</leafValues></_>
        <_>
          <internalNodes>
            0 -1 115 1.7366111278533936e-03</internalNodes>
          <leafValues>
            7.9390722513198853e-01 -8.7548121809959412e-02</leafValues></_>
        <_>
          <internalNodes>
            0 -1 6 3.5275619477033615e-02</internalNodes>
          <leafValues>
            -3.2820713520050049e-01 2.2175811231136322e-01</leafValues></_>
        <_>
          <internalNodes>
            0 -1 132 2.1792277693748474e-02</internalNodes>
          <leafValues>
            1.6824799776077271e-01 -3.8849216699600220e-01</leafValues></_>
        <_>
          <internalNodes>
            0 -1 29 3.0622739344835281e-02</internalNodes>
          <leafValues>
            -2.3207609355449677e-01 2.8513741493225098e-01</leafValues></_>
        <_>
          <internalNodes>
            0 -1 125 1.1377593502402306e-02</internalNodes>
          <leafValues>
            -4.8393830657005310e-01 1.1888681352138519e-01</leafValues></_>
        <_>
          <internalNodes>
            0 -1 52 4.9709342420101166e-02</internalNodes>
          <leafValues>
            -2.4146969616413116e-01 2.6903909444808960e-01</leafValues></_>
        <_>
          <internalNodes>
            0 -1 143 1.0191300883889198e-02</internalNodes>
          <leafValues>
            2.4570949375629425e-01 -2.4818617105484009e-01</leafValues></_>
        <_>
          <internalNodes>
            0 -1 220 1.2391852214932442e-02</internalNodes>
          <leafValues>
            -6.2097191810607910e-01 9.8335042595863342e-02</leafValues></_>
        <_>
          <internalNodes>
            0 -1 9 2.7107391506433487e-02</internalNodes>
          <leafValues>
            -2.7694320678710938e-01 2.0233033597469330e-01</leafValues></_>
        <_>
          <internalNodes>
            0 -1 104 1.5060951933264732e-02</internalNodes>
          <leafValues>
            3.1830114126205444e-01 -1.9794647395610809e-01</leafValues></_>
        <_>
          <internalNodes>
            0 -1 232 5.8387957513332367e-02</internalNodes>
          <leafValues>
            -1.2497522681951523e-01 4.5117115974426270e-01</leafValues></_>
        <_>
          <internalNodes>
            0 -1 30 1.4469226822257042e-02</internalNodes>
          <leafValues>
            3.5221296548843384e-01 -1.8706269562244415e-01</leafValues></_>
        <_>
          <internalNodes>
            0 -1 309 8.3722397685050964e-03</internalNodes>
          <leafValues>
            -6.9814515113830566e-01 8.0220632255077362e-02</leafValues></_>
        <_>
          <internalNodes>
            0 -1 276 3.2756067812442780e-02</internalNodes>
          <leafValues>
            -2.3352706432342529e-01 2.4800802767276764e-01</leafValues></_>
        <_>
          <internalNodes>
            0 -1 340 1.6844544559717178e-02</internalNodes>
          <leafValues>
            -7.1461445093154907e-01 8.5805296897888184e-02</leafValues></_>
        <_>
          <internalNodes>
            0 -1 264 2.8669942170381546e-02</internalNodes>
          <leafValues>
            1.4664325118064880e-01 -4.3657863140106201e-01</leafValues></_>
        <_>
          <internalNodes>
            0 -1 328 4.6090286225080490e-02</internalNodes>
          <leafValues>
            -1.6968755424022675e-01 3.6441400647163391e-01</leafValues></_>
        <_>
          <internalNodes>
            0 -1 17 2.4632548913359642e-02</internalNodes>
          <leafValues>
            1.5668950974941254e-01 -3.6533653736114502e-01</leafValues></_>
        <_>
          <internalNodes>
            0 -1 13 4.6971114352345467e-03</internalNodes>
          <leafValues>
            -7.9265016317367554e-01 6.7882485687732697e-02</leafValues></_>
        <_>
          <internalNodes>
            0 -1 139 1.3167827390134335e-02</internalNodes>
          <leafValues>
            -5.0354802608489990e-01 1.0937546938657761e-01</leafValues></_>
        <_>
          <internalNodes>
            0 -1 71 1.7687547951936722e-02</internalNodes>
          <leafValues>
            2.2978515923023224e-01 -2.4812826514244080e-01</leafValues></_>
        <_>
          <internalNodes>
            0 -1 285 1.6181020066142082e-02</internalNodes>
          <leafValues>
            -5.6670188903808594e-01 1.0399365425109863e-01</leafValues></_></weakClassifiers></_>
    <!-- stage 12 -->
    <_>
      <maxWeakCount>37</maxWeakCount>
      <stageThreshold>-1.3370062112808228e+00</stageThreshold>
      <weakClassifiers>
        <_>
          <internalNodes>
            0 -1 127 8.1701431190595031e-04</internalNodes>
          <leafValues>
            9.7656250000000000e-01 9.1105505824089050e-02</leafValues></_>
        <_>
          <internalNodes>
            0 -1 218 1.2294827029109001e-02</internalNodes>
          <leafValues>
            3.1966391205787659e-01 -2.5993245840072632e-01</leafValues></_>
        <_>
          <internalNodes>
            0 -1 155 1.3939760625362396e-02</internalNodes>
          <leafValues>
            2.1370601654052734e-01 -3.8430669903755188e-01</leafValues></_>
        <_>
          <internalNodes>
            0 -1 21 4.4700793921947479e-02</internalNodes>
          <leafValues>
            -2.6521918177604675e-01 3.1495428085327148e-01</leafValues></_>
        <_>
          <internalNodes>
            0 -1 221 5.2703574299812317e-02</internalNodes>
          <leafValues>
            -1.2767955660820007e-01 4.8722162842750549e-01</leafValues></_>
        <_>
          <internalNodes>
            0 -1 68 6.9768592715263367e-02</internalNodes>
          <leafValues>
            -1.3000269234180450e-01 4.9892607331275940e-01</leafValues></_>
        <_>
          <internalNodes>
            0 -1 51 1.2013481929898262e-02</internalNodes>
          <leafValues>
            3.2209968566894531e-01 -1.7198175191879272e-01</leafValues></_>
        <_>
          <internalNodes>
            0 -1 126 8.9209005236625671e-03</internalNodes>
          <leafValues>
            -6.8418043851852417e-01 8.2300655543804169e-02</leafValues></_>
        <_>
          <internalNodes>
            0 -1 116 2.6119127869606018e-02</internalNodes>
          <leafValues>
            -3.1259149312973022e-01 2.1555879712104797e-01</leafValues></_>
        <_>
          <internalNodes>
            0 -1 114 1.7247401177883148e-02</internalNodes>
          <leafValues>
            2.2236907482147217e-01 -3.3193662762641907e-01</leafValues></_>
        <_>
          <internalNodes>
            0 -1 310 4.4554889202117920e-02</internalNodes>
          <leafValues>
            7.7654801309108734e-02 -7.4460196495056152e-01</leafValues></_>
        <_>
          <internalNodes>
            0 -1 315 2.1868476644158363e-02</internalNodes>
          <leafValues>
            -4.1043567657470703e-01 1.3033476471900940e-01</leafValues></_>
        <_>
          <internalNodes>
            0 -1 173 4.9992598593235016e-02</internalNodes>
          <leafValues>
            -1.2184996157884598e-01 4.9685654044151306e-01</leafValues></_>
        <_>
          <internalNodes>
            0 -1 255 6.3045918941497803e-02</internalNodes>
          <leafValues>
            -1.2164935469627380e-01 4.6737188100814819e-01</leafValues></_>
        <_>
          <internalNodes>
            0 -1 214 5.2587721496820450e-02</internalNodes>
          <leafValues>
            -1.4757098257541656e-01 3.8803046941757202e-01</leafValues></_>
        <_>
          <internalNodes>
            0 -1 120 2.1169645711779594e-02</internalNodes>
          <leafValues>
            1.8681192398071289e-01 -3.3465084433555603e-01</leafValues></_>
        <_>
          <internalNodes>
            0 -1 307 1.7191685736179352e-02</internalNodes>
          <leafValues>
            -6.8881952762603760e-01 8.0623432993888855e-02</leafValues></_>
        <_>
          <internalNodes>
            0 -1 295 2.1971393376588821e-02</internalNodes>
          <leafValues>
            1.2298102676868439e-01 -4.0357193350791931e-01</leafValues></_>
        <_>
          <internalNodes>
            0 -1 200 1.0674647055566311e-02</internalNodes>
          <leafValues>
            -4.9627953767776489e-01 1.3591088354587555e-01</leafValues></_>
        <_>
          <internalNodes>
            0 -1 20 2.5088137015700340e-02</internalNodes>
          <leafValues>
            -2.3142020404338837e-01 2.5321835279464722e-01</leafValues></_>
        <_>
          <internalNodes>
            0 -1 317 2.5215718895196915e-02</internalNodes>
          <leafValues>
            -4.4373431801795959e-01 1.2131964415311813e-01</leafValues></_>
        <_>
          <internalNodes>
            0 -1 348 1.4442713931202888e-02</internalNodes>
          <leafValues>
            -4.7922131419181824e-01 1.0973271727561951e-01</leafValues></_>
        <_>
          <internalNodes>
            0 -1 31 1.1807544156908989e-02</internalNodes>
          <leafValues>
            3.1803092360496521e-01 -1.9894604384899139e-01</leafValues></_>
        <_>
          <internalNodes>
            0 -1 303 1.3797525316476822e-02</internalNodes>
          <leafValues>
            -7.0613861083984375e-01 7.5815565884113312e-02</leafValues></_>
        <_>
          <internalNodes>
            0 -1 72 1.4159711077809334e-02</internalNodes>
          <leafValues>
            3.4941968321800232e-01 -1.5592856705188751e-01</leafValues></_>
        <_>
          <internalNodes>
            0 -1 176 2.8179392218589783e-02</internalNodes>
          <leafValues>
            -2.5233644247055054e-01 2.0366054773330688e-01</leafValues></_>
        <_>
          <internalNodes>
            0 -1 62 6.6791228018701077e-03</internalNodes>
          <leafValues>
            3.8169994950294495e-01 -1.6406658291816711e-01</leafValues></_>
        <_>
          <internalNodes>
            0 -1 164 1.5780229121446609e-02</internalNodes>
          <leafValues>
            -2.8099751472473145e-01 2.0835600793361664e-01</leafValues></_>
        <_>
          <internalNodes>
            0 -1 28 5.2984111011028290e-02</internalNodes>
          <leafValues>
            -1.5614925324916840e-01 3.3903327584266663e-01</leafValues></_>
        <_>
          <internalNodes>
            0 -1 1 3.9596885442733765e-02</internalNodes>
          <leafValues>
            -1.8446001410484314e-01 2.9383751749992371e-01</leafValues></_>
        <_>
          <internalNodes>
            0 -1 299 3.1855843961238861e-02</internalNodes>
          <leafValues>
            -9.7521804273128510e-02 5.3293341398239136e-01</leafValues></_>
        <_>
          <internalNodes>
            0 -1 110 2.4336479604244232e-02</internalNodes>
          <leafValues>
            -2.7773439884185791e-01 1.9183541834354401e-01</leafValues></_>
        <_>
          <internalNodes>
            0 -1 113 1.9784551113843918e-02</internalNodes>
          <leafValues>
            2.1244874596595764e-01 -3.5565146803855896e-01</leafValues></_>
        <_>
          <internalNodes>
            0 -1 108 2.6069313287734985e-02</internalNodes>
          <leafValues>
            -1.9147597253322601e-01 2.8393867611885071e-01</leafValues></_>
        <_>
          <internalNodes>
            0 -1 281 2.3592649027705193e-02</internalNodes>
          <leafValues>
            1.2784798443317413e-01 -4.4016706943511963e-01</leafValues></_>
        <_>
          <internalNodes>
            0 -1 39 5.3927819244563580e-03</internalNodes>
          <leafValues>
            3.0377978086471558e-01 -1.6971667110919952e-01</leafValues></_>
        <_>
          <internalNodes>
            0 -1 271 2.5965452194213867e-02</internalNodes>
          <leafValues>
            -5.4539936780929565e-01 1.0226227343082428e-01</leafValues></_></weakClassifiers></_>
    <!-- stage 13 -->
    <_>
      <maxWeakCount>32</maxWeakCount>
      <stageThreshold>-1.1979739665985107e+00</stageThreshold>
      <weakClassifiers>
        <_>
          <internalNodes>
            0 -1 147 1.1944481229875237e-04</internalNodes>
          <leafValues>
            9.4388777017593384e-01 1.0107526928186417e-01</leafValues></_>
        <_>
          <internalNodes>
            0 -1 324 3.8188941776752472e-02</internalNodes>
          <leafValues>
            -2.7039855718612671e-01 3.4104940295219421e-01</leafValues></_>
        <_>
          <internalNodes>
            0 -1 332 2.9507957398891449e-02</internalNodes>
          <leafValues>
            -3.6522620916366577e-01 2.0258527994155884e-01</leafValues></_>
        <_>
          <internalNodes>
            0 -1 141 3.3082652837038040e-02</internalNodes>
          <leafValues>
            -3.0711212754249573e-01 2.3488011956214905e-01</leafValues></_>
        <_>
          <internalNodes>
            0 -1 96 6.0108423233032227e-02</internalNodes>
          <leafValues>
            -1.3364851474761963e-01 5.0677537918090820e-01</leafValues></_>
        <_>
          <internalNodes>
            0 -1 118 9.1110467910766602e-03</internalNodes>
          <leafValues>
            -3.7196308374404907e-01 1.5981267392635345e-01</leafValues></_>
        <_>
          <internalNodes>
            0 -1 57 4.7105615958571434e-03</internalNodes>
          <leafValues>
            -7.6606065034866333e-01 9.8417758941650391e-02</leafValues></_>
        <_>
          <internalNodes>
            0 -1 167 4.7351997345685959e-03</internalNodes>
          <leafValues>
            5.1824700832366943e-01 -1.4826628565788269e-01</leafValues></_>
        <_>
          <internalNodes>
            0 -1 59 1.3258206658065319e-02</internalNodes>
          <leafValues>
            3.8996091485023499e-01 -1.6773661971092224e-01</leafValues></_>
        <_>
          <internalNodes>
            0 -1 161 8.9464709162712097e-03</internalNodes>
          <leafValues>
            2.5555506348609924e-01 -2.3504720628261566e-01</leafValues></_>
        <_>
          <internalNodes>
            0 -1 41 3.1465440988540649e-02</internalNodes>
          <leafValues>
            -2.2266282141208649e-01 2.9470390081405640e-01</leafValues></_>
        <_>
          <internalNodes>
            0 -1 144 8.6450643837451935e-02</internalNodes>
          <leafValues>
            -1.3683550059795380e-01 4.9585175514221191e-01</leafValues></_>
        <_>
          <internalNodes>
            0 -1 10 1.7309548333287239e-02</internalNodes>
          <leafValues>
            -3.9193499088287354e-01 1.6389197111129761e-01</leafValues></_>
        <_>
          <internalNodes>
            0 -1 128 2.2585626691579819e-02</internalNodes>
          <leafValues>
            1.9194196164608002e-01 -3.5922458767890930e-01</leafValues></_>
        <_>
          <internalNodes>
            0 -1 210 7.0069462060928345e-02</internalNodes>
          <leafValues>
            7.6944425702095032e-02 -7.0409440994262695e-01</leafValues></_>
        <_>
          <internalNodes>
            0 -1 133 1.3970393687486649e-02</internalNodes>
          <leafValues>
            -4.4086936116218567e-01 1.2891323864459991e-01</leafValues></_>
        <_>
          <internalNodes>
            0 -1 45 7.9253636300563812e-02</internalNodes>
          <leafValues>
            -1.3306805491447449e-01 4.5931553840637207e-01</leafValues></_>
        <_>
          <internalNodes>
            0 -1 239 4.7448799014091492e-03</internalNodes>
          <leafValues>
            -6.5472763776779175e-01 9.8932534456253052e-02</leafValues></_>
        <_>
          <internalNodes>
            0 -1 19 4.8396151512861252e-02</internalNodes>
          <leafValues>
            -1.5081888437271118e-01 3.9872971177101135e-01</leafValues></_>
        <_>
          <internalNodes>
            0 -1 162 1.0238250717520714e-02</internalNodes>
          <leafValues>
            2.9958754777908325e-01 -1.8218651413917542e-01</leafValues></_>
        <_>
          <internalNodes>
            0 -1 95 4.5288257300853729e-02</internalNodes>
          <leafValues>
            -1.5423294901847839e-01 3.4750208258628845e-01</leafValues></_>
        <_>
          <internalNodes>
            0 -1 308 1.5953287482261658e-02</internalNodes>
          <leafValues>
            -7.1198940277099609e-01 8.1425316631793976e-02</leafValues></_>
        <_>
          <internalNodes>
            0 -1 318 3.6148481070995331e-02</internalNodes>
          <leafValues>
            8.5411518812179565e-02 -6.0243159532546997e-01</leafValues></_>
        <_>
          <internalNodes>
            0 -1 68 7.9008564352989197e-02</internalNodes>
          <leafValues>
            -1.1877746134996414e-01 5.0099962949752808e-01</leafValues></_>
        <_>
          <internalNodes>
            0 -1 169 1.0169468820095062e-02</internalNodes>
          <leafValues>
            3.4359633922576904e-01 -1.5754014253616333e-01</leafValues></_>
        <_>
          <internalNodes>
            0 -1 32 2.1876108366996050e-03</internalNodes>
          <leafValues>
            -9.7953611612319946e-01 5.4585196077823639e-02</leafValues></_>
        <_>
          <internalNodes>
            0 -1 36 1.7624542117118835e-02</internalNodes>
          <leafValues>
            1.9898642599582672e-01 -2.6681947708129883e-01</leafValues></_>
        <_>
          <internalNodes>
            0 -1 338 1.8193870782852173e-02</internalNodes>
          <leafValues>
            -4.5667442679405212e-01 1.2407197058200836e-01</leafValues></_>
        <_>
          <internalNodes>
            0 -1 75 3.6929268389940262e-02</internalNodes>
          <leafValues>
            1.7020083963871002e-01 -3.4578815102577209e-01</leafValues></_>
        <_>
          <internalNodes>
            0 -1 34 4.1117211803793907e-03</internalNodes>
          <leafValues>
            3.9365679025650024e-01 -1.3775619864463806e-01</leafValues></_>
        <_>
          <internalNodes>
            0 -1 238 1.3820313848555088e-02</internalNodes>
          <leafValues>
            -7.3207288980484009e-01 7.4181713163852692e-02</leafValues></_>
        <_>
          <internalNodes>
            0 -1 191 1.8891677260398865e-02</internalNodes>
          <leafValues>
            1.6933262348175049e-01 -3.0256891250610352e-01</leafValues></_></weakClassifiers></_>
    <!-- stage 14 -->
    <_>
      <maxWeakCount>36</maxWeakCount>
      <stageThreshold>-1.2788717746734619e+00</stageThreshold>
      <weakClassifiers>
        <_>
          <internalNodes>
            0 -1 137 5.1191216334700584e-04</internalNodes>
          <leafValues>
            9.7570848464965820e-01 9.0122565627098083e-02</leafValues></_>
        <_>
          <internalNodes>
            0 -1 257 5.8372620493173599e-02</internalNodes>
          <leafValues>
            -1.3822631537914276e-01 4.5600929856300354e-01</leafValues></_>
        <_>
          <internalNodes>
            0 -1 230 4.2040091007947922e-02</internalNodes>
          <leafValues>
            -2.1197022497653961e-01 3.5130178928375244e-01</leafValues></_>
        <_>
          <internalNodes>
            0 -1 226 2.5965062901377678e-02</internalNodes>
          <leafValues>
            -4.5989835262298584e-01 1.3223792612552643e-01</leafValues></_>
        <_>
          <internalNodes>
            0 -1 21 5.6122153997421265e-02</internalNodes>
          <leafValues>
            -1.7823605239391327e-01 3.6078864336013794e-01</leafValues></_>
        <_>
          <internalNodes>
            0 -1 160 1.7178386449813843e-02</internalNodes>
          <leafValues>
            2.5404825806617737e-01 -2.2540058195590973e-01</leafValues></_>
        <_>
          <internalNodes>
            0 -1 154 1.6854410991072655e-02</internalNodes>
          <leafValues>
            -5.3662443161010742e-01 1.3708287477493286e-01</leafValues></_>
        <_>
          <internalNodes>
            0 -1 293 1.9238915294408798e-02</internalNodes>
          <leafValues>
            1.1404751986265182e-01 -4.3095505237579346e-01</leafValues></_>
        <_>
          <internalNodes>
            0 -1 107 2.5976233184337616e-02</internalNodes>
          <leafValues>
            -2.9501798748970032e-01 2.0773361623287201e-01</leafValues></_>
        <_>
          <internalNodes>
            0 -1 63 4.1711695492267609e-02</internalNodes>
          <leafValues>
            -1.9934536516666412e-01 3.0730682611465454e-01</leafValues></_>
        <_>
          <internalNodes>
            0 -1 278 1.3554193079471588e-02</internalNodes>
          <leafValues>
            -5.0967222452163696e-01 1.1912722885608673e-01</leafValues></_>
        <_>
          <internalNodes>
            0 -1 44 4.0751647204160690e-02</internalNodes>
          <leafValues>
            -1.9915606081485748e-01 2.9685893654823303e-01</leafValues></_>
        <_>
          <internalNodes>
            0 -1 2 1.1060148477554321e-02</internalNodes>
          <leafValues>
            2.8695711493492126e-01 -2.1394626796245575e-01</leafValues></_>
        <_>
          <internalNodes>
            0 -1 18 4.9114286899566650e-02</internalNodes>
          <leafValues>
            -1.4087741076946259e-01 4.2621994018554688e-01</leafValues></_>
        <_>
          <internalNodes>
            0 -1 131 3.5769857466220856e-02</internalNodes>
          <leafValues>
            -1.6794255375862122e-01 3.3487087488174438e-01</leafValues></_>
        <_>
          <internalNodes>
            0 -1 119 2.7524562552571297e-02</internalNodes>
          <leafValues>
            1.2682719528675079e-01 -4.2382165789604187e-01</leafValues></_>
        <_>
          <internalNodes>
            0 -1 261 2.3232918232679367e-02</internalNodes>
          <leafValues>
            -3.4486165642738342e-01 1.4543713629245758e-01</leafValues></_>
        <_>
          <internalNodes>
            0 -1 66 6.8811550736427307e-03</internalNodes>
          <leafValues>
            -5.0110131502151489e-01 1.0883092135190964e-01</leafValues></_>
        <_>
          <internalNodes>
            0 -1 65 7.5218011625111103e-03</internalNodes>
          <leafValues>
            3.3051732182502747e-01 -2.0099417865276337e-01</leafValues></_>
        <_>
          <internalNodes>
            0 -1 153 1.3719992712140083e-02</internalNodes>
          <leafValues>
            2.5177472829818726e-01 -2.1142420172691345e-01</leafValues></_>
        <_>
          <internalNodes>
            0 -1 208 1.2546923011541367e-02</internalNodes>
          <leafValues>
            -5.8318245410919189e-01 9.5020063221454620e-02</leafValues></_>
        <_>
          <internalNodes>
            0 -1 81 7.8820325434207916e-02</internalNodes>
          <leafValues>
            5.7847101241350174e-02 -8.0857807397842407e-01</leafValues></_>
        <_>
          <internalNodes>
            0 -1 79 6.9146938621997833e-03</internalNodes>
          <leafValues>
            2.5539419054985046e-01 -2.0480012893676758e-01</leafValues></_>
        <_>
          <internalNodes>
            0 -1 56 1.6607640311121941e-02</internalNodes>
          <leafValues>
            2.9802453517913818e-01 -1.9437126815319061e-01</leafValues></_>
        <_>
          <internalNodes>
            0 -1 300 1.8021244555711746e-02</internalNodes>
          <leafValues>
            1.9839136302471161e-01 -2.7588778734207153e-01</leafValues></_>
        <_>
          <internalNodes>
            0 -1 346 1.1919789016246796e-02</internalNodes>
          <leafValues>
            -7.7825528383255005e-01 6.0345381498336792e-02</leafValues></_>
        <_>
          <internalNodes>
            0 -1 329 2.0137067884206772e-02</internalNodes>
          <leafValues>
            -5.8792436122894287e-01 7.6879970729351044e-02</leafValues></_>
        <_>
          <internalNodes>
            0 -1 24 1.0171223431825638e-02</internalNodes>
          <leafValues>
            3.4203436970710754e-01 -1.5925344824790955e-01</leafValues></_>
        <_>
          <internalNodes>
            0 -1 109 3.0467405915260315e-02</internalNodes>
          <leafValues>
            1.6846017539501190e-01 -3.1401339173316956e-01</leafValues></_>
        <_>
          <internalNodes>
            0 -1 61 1.5290357172489166e-02</internalNodes>
          <leafValues>
            -3.8904473185539246e-01 1.5465818345546722e-01</leafValues></_>
        <_>
          <internalNodes>
            0 -1 314 1.8235769122838974e-02</internalNodes>
          <leafValues>
            1.7787101864814758e-01 -3.1274610757827759e-01</leafValues></_>
        <_>
          <internalNodes>
            0 -1 240 1.7554325982928276e-02</internalNodes>
          <leafValues>
            -4.3182608485221863e-01 1.1764960736036301e-01</leafValues></_>
        <_>
          <internalNodes>
            0 -1 263 2.4647258222103119e-02</internalNodes>
          <leafValues>
            1.2575322389602661e-01 -3.9335888624191284e-01</leafValues></_>
        <_>
          <internalNodes>
            0 -1 130 8.8672619313001633e-03</internalNodes>
          <leafValues>
            -6.0654574632644653e-01 9.9524207413196564e-02</leafValues></_>
        <_>
          <internalNodes>
            0 -1 207 1.1598852463066578e-02</internalNodes>
          <leafValues>
            3.0675897002220154e-01 -1.8958990275859833e-01</leafValues></_>
        <_>
          <internalNodes>
            0 -1 290 1.0818140581250191e-02</internalNodes>
          <leafValues>
            -4.5996320247650146e-01 1.0815338045358658e-01</leafValues></_></weakClassifiers></_></stages>
  <features>
    <_>
      <rect>
        0 0 8 8 22</rect></_>
    <_>
      <rect>
        0 48 8 8 4</rect></_>
    <_>
      <rect>
        0 72 8 8 19</rect></_>
    <_>
      <rect>
        0 84 8 8 4</rect></_>
    <_>
      <rect>
        0 96 8 8 22</rect></_>
    <_>
      <rect>
        0 100 8 8 22</rect></_>
    <_>
      <rect>
        0 144 8 8 4</rect></_>
    <_>
      <rect>
        0 144 8 8 25</rect></_>
    <_>
      <rect>
        0 144 8 8 26</rect></_>
    <_>
      <rect>
        4 144 8 8 35</rect></_>
    <_>
      <rect>
        16 144 8 8 35</rect></_>
    <_>
      <rect>
        20 96 8 8 34</rect></_>
    <_>
      <rect>
        20 144 8 8 26</rect></_>
    <_>
      <rect>
        24 144 8 8 35</rect></_>
    <_>
      <rect>
        28 36 8 8 29</rect></_>
    <_>
      <rect>
        28 56 8 8 13</rect></_>
    <_>
      <rect>
        28 60 8 8 13</rect></_>
    <_>
      <rect>
        28 144 8 8 34</rect></_>
    <_>
      <rect>
        32 20 8 8 28</rect></_>
    <_>
      <rect>
        32 20 8 8 29</rect></_>
    <_>
      <rect>
        32 28 8 8 11</rect></_>
    <_>
      <rect>
        32 48 8 8 0</rect></_>
    <_>
      <rect>
        32 52 8 8 0</rect></_>
    <_>
      <rect>
        32 64 8 8 35</rect></_>
    <_>
      <rect>
        32 80 8 8 9</rect></_>
    <_>
      <rect>
        32 92 8 8 13</rect></_>
    <_>
      <rect>
        32 144 8 8 26</rect></_>
    <_>
      <rect>
        36 40 8 8 35</rect></_>
    <_>
      <rect>
        36 44 8 8 1</rect></_>
    <_>
      <rect>
        36 44 8 8 2</rect></_>
    <_>
      <rect>
        36 64 8 8 17</rect></_>
    <_>
      <rect>
        36 68 8 8 16</rect></_>
    <_>
      <rect>
        36 144 8 8 35</rect></_>
    <_>
      <rect>
        40 16 8 8 8</rect></_>
    <_>
      <rect>
        40 104 8 8 10</rect></_>
    <_>
      <rect>
        40 144 8 8 26</rect></_>
    <_>
      <rect>
        44 40 8 8 18</rect></_>
    <_>
      <rect>
        44 44 8 8 14</rect></_>
    <_>
      <rect>
        44 44 8 8 15</rect></_>
    <_>
      <rect>
        44 92 8 8 11</rect></_>
    <_>
      <rect>
        44 108 8 8 3</rect></_>
    <_>
      <rect>
        48 20 8 8 23</rect></_>
    <_>
      <rect>
        48 20 8 8 24</rect></_>
    <_>
      <rect>
        48 24 8 8 25</rect></_>
    <_>
      <rect>
        48 44 8 8 15</rect></_>
    <_>
      <rect>
        48 48 8 8 16</rect></_>
    <_>
      <rect>
        48 52 8 8 16</rect></_>
    <_>
      <rect>
        48 56 8 8 3</rect></_>
    <_>
      <rect>
        48 56 8 8 4</rect></_>
    <_>
      <rect>
        48 56 8 8 34</rect></_>
    <_>
      <rect>
        48 76 8 8 8</rect></_>
    <_>
      <rect>
        48 80 8 8 7</rect></_>
    <_>
      <rect>
        48 80 8 8 17</rect></_>
    <_>
      <rect>
        48 104 8 8 2</rect></_>
    <_>
      <rect>
        48 140 8 8 12</rect></_>
    <_>
      <rect>
        52 144 8 8 26</rect></_>
    <_>
      <rect>
        56 92 8 8 35</rect></_>
    <_>
      <rect>
        56 144 8 8 26</rect></_>
    <_>
      <rect>
        56 144 8 8 35</rect></_>
    <_>
      <rect>
        64 96 8 8 26</rect></_>
    <_>
      <rect>
        64 144 8 8 34</rect></_>
    <_>
      <rect>
        72 144 8 8 35</rect></_>
    <_>
      <rect>
        76 144 8 8 24</rect></_>
    <_>
      <rect>
        80 72 8 8 31</rect></_>
    <_>
      <rect>
        80 88 8 8 16</rect></_>
    <_>
      <rect>
        80 144 8 8 28</rect></_>
    <_>
      <rect>
        80 144 8 8 35</rect></_>
    <_>
      <rect>
        0 44 8 16 4</rect></_>
    <_>
      <rect>
        0 56 8 16 4</rect></_>
    <_>
      <rect>
        0 80 8 16 4</rect></_>
    <_>
      <rect>
        20 112 8 16 8</rect></_>
    <_>
      <rect>
        24 60 8 16 1</rect></_>
    <_>
      <rect>
        24 72 8 16 26</rect></_>
    <_>
      <rect>
        32 48 8 16 0</rect></_>
    <_>
      <rect>
        32 56 8 16 26</rect></_>
    <_>
      <rect>
        36 16 8 16 22</rect></_>
    <_>
      <rect>
        36 36 8 16 1</rect></_>
    <_>
      <rect>
        36 40 8 16 1</rect></_>
    <_>
      <rect>
        36 64 8 16 25</rect></_>
    <_>
      <rect>
        36 96 8 16 12</rect></_>
    <_>
      <rect>
        36 120 8 16 12</rect></_>
    <_>
      <rect>
        40 24 8 16 26</rect></_>
    <_>
      <rect>
        40 32 8 16 2</rect></_>
    <_>
      <rect>
        40 96 8 16 4</rect></_>
    <_>
      <rect>
        44 24 8 16 33</rect></_>
    <_>
      <rect>
        44 36 8 16 21</rect></_>
    <_>
      <rect>
        44 52 8 16 26</rect></_>
    <_>
      <rect>
        44 64 8 16 27</rect></_>
    <_>
      <rect>
        44 68 8 16 8</rect></_>
    <_>
      <rect>
        44 96 8 16 4</rect></_>
    <_>
      <rect>
        44 112 8 16 25</rect></_>
    <_>
      <rect>
        44 112 8 16 35</rect></_>
    <_>
      <rect>
        48 32 8 16 5</rect></_>
    <_>
      <rect>
        48 48 8 16 16</rect></_>
    <_>
      <rect>
        48 52 8 16 16</rect></_>
    <_>
      <rect>
        48 60 8 16 27</rect></_>
    <_>
      <rect>
        48 68 8 16 16</rect></_>
    <_>
      <rect>
        48 88 8 16 4</rect></_>
    <_>
      <rect>
        52 36 8 16 22</rect></_>
    <_>
      <rect>
        80 36 8 16 13</rect></_>
    <_>
      <rect>
        80 84 8 16 13</rect></_>
    <_>
      <rect>
        80 84 8 16 35</rect></_>
    <_>
      <rect>
        80 88 8 16 13</rect></_>
    <_>
      <rect>
        80 92 8 16 31</rect></_>
    <_>
      <rect>
        0 140 16 8 26</rect></_>
    <_>
      <rect>
        0 144 16 8 19</rect></_>
    <_>
      <rect>
        0 144 16 8 24</rect></_>
    <_>
      <rect>
        0 144 16 8 35</rect></_>
    <_>
      <rect>
        8 0 16 8 21</rect></_>
    <_>
      <rect>
        8 140 16 8 8</rect></_>
    <_>
      <rect>
        8 144 16 8 26</rect></_>
    <_>
      <rect>
        8 144 16 8 34</rect></_>
    <_>
      <rect>
        12 44 16 8 29</rect></_>
    <_>
      <rect>
        12 144 16 8 18</rect></_>
    <_>
      <rect>
        12 144 16 8 27</rect></_>
    <_>
      <rect>
        12 144 16 8 28</rect></_>
    <_>
      <rect>
        12 144 16 8 35</rect></_>
    <_>
      <rect>
        16 44 16 8 10</rect></_>
    <_>
      <rect>
        16 140 16 8 21</rect></_>
    <_>
      <rect>
        16 144 16 8 18</rect></_>
    <_>
      <rect>
        16 144 16 8 24</rect></_>
    <_>
      <rect>
        20 24 16 8 27</rect></_>
    <_>
      <rect>
        20 40 16 8 12</rect></_>
    <_>
      <rect>
        20 120 16 8 12</rect></_>
    <_>
      <rect>
        20 120 16 8 13</rect></_>
    <_>
      <rect>
        20 120 16 8 14</rect></_>
    <_>
      <rect>
        20 124 16 8 12</rect></_>
    <_>
      <rect>
        20 144 16 8 19</rect></_>
    <_>
      <rect>
        20 144 16 8 25</rect></_>
    <_>
      <rect>
        24 28 16 8 12</rect></_>
    <_>
      <rect>
        24 28 16 8 14</rect></_>
    <_>
      <rect>
        24 80 16 8 7</rect></_>
    <_>
      <rect>
        24 88 16 8 31</rect></_>
    <_>
      <rect>
        24 116 16 8 9</rect></_>
    <_>
      <rect>
        24 120 16 8 12</rect></_>
    <_>
      <rect>
        24 136 16 8 30</rect></_>
    <_>
      <rect>
        24 144 16 8 19</rect></_>
    <_>
      <rect>
        24 144 16 8 28</rect></_>
    <_>
      <rect>
        24 144 16 8 34</rect></_>
    <_>
      <rect>
        28 44 16 8 1</rect></_>
    <_>
      <rect>
        28 44 16 8 14</rect></_>
    <_>
      <rect>
        28 52 16 8 0</rect></_>
    <_>
      <rect>
        28 84 16 8 31</rect></_>
    <_>
      <rect>
        28 120 16 8 33</rect></_>
    <_>
      <rect>
        28 124 16 8 12</rect></_>
    <_>
      <rect>
        32 44 16 8 1</rect></_>
    <_>
      <rect>
        32 144 16 8 26</rect></_>
    <_>
      <rect>
        32 144 16 8 31</rect></_>
    <_>
      <rect>
        36 20 16 8 21</rect></_>
    <_>
      <rect>
        36 28 16 8 10</rect></_>
    <_>
      <rect>
        36 40 16 8 2</rect></_>
    <_>
      <rect>
        36 44 16 8 1</rect></_>
    <_>
      <rect>
        36 44 16 8 15</rect></_>
    <_>
      <rect>
        36 60 16 8 4</rect></_>
    <_>
      <rect>
        36 80 16 8 17</rect></_>
    <_>
      <rect>
        36 120 16 8 26</rect></_>
    <_>
      <rect>
        36 144 16 8 22</rect></_>
    <_>
      <rect>
        36 144 16 8 35</rect></_>
    <_>
      <rect>
        40 28 16 8 3</rect></_>
    <_>
      <rect>
        40 56 16 8 4</rect></_>
    <_>
      <rect>
        40 64 16 8 25</rect></_>
    <_>
      <rect>
        40 96 16 8 3</rect></_>
    <_>
      <rect>
        40 96 16 8 10</rect></_>
    <_>
      <rect>
        40 104 16 8 1</rect></_>
    <_>
      <rect>
        40 140 16 8 30</rect></_>
    <_>
      <rect>
        40 144 16 8 18</rect></_>
    <_>
      <rect>
        40 144 16 8 25</rect></_>
    <_>
      <rect>
        40 144 16 8 28</rect></_>
    <_>
      <rect>
        40 144 16 8 35</rect></_>
    <_>
      <rect>
        44 56 16 8 4</rect></_>
    <_>
      <rect>
        44 96 16 8 0</rect></_>
    <_>
      <rect>
        44 112 16 8 20</rect></_>
    <_>
      <rect>
        44 124 16 8 3</rect></_>
    <_>
      <rect>
        48 40 16 8 5</rect></_>
    <_>
      <rect>
        48 108 16 8 24</rect></_>
    <_>
      <rect>
        48 140 16 8 30</rect></_>
    <_>
      <rect>
        48 144 16 8 35</rect></_>
    <_>
      <rect>
        52 8 16 8 35</rect></_>
    <_>
      <rect>
        52 144 16 8 27</rect></_>
    <_>
      <rect>
        52 144 16 8 31</rect></_>
    <_>
      <rect>
        52 144 16 8 35</rect></_>
    <_>
      <rect>
        56 144 16 8 35</rect></_>
    <_>
      <rect>
        60 20 16 8 24</rect></_>
    <_>
      <rect>
        60 144 16 8 18</rect></_>
    <_>
      <rect>
        60 144 16 8 19</rect></_>
    <_>
      <rect>
        60 144 16 8 34</rect></_>
    <_>
      <rect>
        60 144 16 8 35</rect></_>
    <_>
      <rect>
        64 144 16 8 25</rect></_>
    <_>
      <rect>
        64 144 16 8 26</rect></_>
    <_>
      <rect>
        64 144 16 8 27</rect></_>
    <_>
      <rect>
        64 144 16 8 28</rect></_>
    <_>
      <rect>
        64 144 16 8 34</rect></_>
    <_>
      <rect>
        64 144 16 8 35</rect></_>
    <_>
      <rect>
        16 100 16 16 30</rect></_>
    <_>
      <rect>
        20 32 16 16 11</rect></_>
    <_>
      <rect>
        24 32 16 16 15</rect></_>
    <_>
      <rect>
        24 36 16 16 31</rect></_>
    <_>
      <rect>
        24 88 16 16 35</rect></_>
    <_>
      <rect>
        24 92 16 16 12</rect></_>
    <_>
      <rect>
        24 92 16 16 13</rect></_>
    <_>
      <rect>
        28 0 16 16 17</rect></_>
    <_>
      <rect>
        28 16 16 16 32</rect></_>
    <_>
      <rect>
        28 32 16 16 15</rect></_>
    <_>
      <rect>
        28 48 16 16 0</rect></_>
    <_>
      <rect>
        28 60 16 16 0</rect></_>
    <_>
      <rect>
        28 112 16 16 26</rect></_>
    <_>
      <rect>
        32 32 16 16 2</rect></_>
    <_>
      <rect>
        32 96 16 16 6</rect></_>
    <_>
      <rect>
        32 100 16 16 30</rect></_>
    <_>
      <rect>
        36 16 16 16 22</rect></_>
    <_>
      <rect>
        36 24 16 16 26</rect></_>
    <_>
      <rect>
        36 28 16 16 2</rect></_>
    <_>
      <rect>
        36 48 16 16 16</rect></_>
    <_>
      <rect>
        40 32 16 16 1</rect></_>
    <_>
      <rect>
        40 52 16 16 16</rect></_>
    <_>
      <rect>
        40 72 16 16 9</rect></_>
    <_>
      <rect>
        40 88 16 16 25</rect></_>
    <_>
      <rect>
        40 92 16 16 25</rect></_>
    <_>
      <rect>
        40 96 16 16 2</rect></_>
    <_>
      <rect>
        40 108 16 16 7</rect></_>
    <_>
      <rect>
        44 28 16 16 6</rect></_>
    <_>
      <rect>
        44 112 16 16 7</rect></_>
    <_>
      <rect>
        44 112 16 16 26</rect></_>
    <_>
      <rect>
        44 120 16 16 4</rect></_>
    <_>
      <rect>
        16 0 16 32 14</rect></_>
    <_>
      <rect>
        20 28 16 32 10</rect></_>
    <_>
      <rect>
        20 84 16 32 31</rect></_>
    <_>
      <rect>
        20 88 16 32 16</rect></_>
    <_>
      <rect>
        20 88 16 32 31</rect></_>
    <_>
      <rect>
        24 52 16 32 0</rect></_>
    <_>
      <rect>
        24 60 16 32 34</rect></_>
    <_>
      <rect>
        24 92 16 32 16</rect></_>
    <_>
      <rect>
        24 96 16 32 9</rect></_>
    <_>
      <rect>
        28 20 16 32 14</rect></_>
    <_>
      <rect>
        28 28 16 32 14</rect></_>
    <_>
      <rect>
        28 48 16 32 0</rect></_>
    <_>
      <rect>
        28 64 16 32 8</rect></_>
    <_>
      <rect>
        32 32 16 32 16</rect></_>
    <_>
      <rect>
        32 36 16 32 26</rect></_>
    <_>
      <rect>
        32 36 16 32 30</rect></_>
    <_>
      <rect>
        32 68 16 32 0</rect></_>
    <_>
      <rect>
        32 96 16 32 18</rect></_>
    <_>
      <rect>
        36 24 16 32 1</rect></_>
    <_>
      <rect>
        36 32 16 32 16</rect></_>
    <_>
      <rect>
        36 52 16 32 16</rect></_>
    <_>
      <rect>
        36 72 16 32 12</rect></_>
    <_>
      <rect>
        36 96 16 32 18</rect></_>
    <_>
      <rect>
        36 96 16 32 34</rect></_>
    <_>
      <rect>
        40 20 16 32 3</rect></_>
    <_>
      <rect>
        40 28 16 32 4</rect></_>
    <_>
      <rect>
        40 48 16 32 16</rect></_>
    <_>
      <rect>
        40 52 16 32 9</rect></_>
    <_>
      <rect>
        40 52 16 32 22</rect></_>
    <_>
      <rect>
        40 60 16 32 18</rect></_>
    <_>
      <rect>
        40 60 16 32 25</rect></_>
    <_>
      <rect>
        40 88 16 32 0</rect></_>
    <_>
      <rect>
        40 96 16 32 34</rect></_>
    <_>
      <rect>
        44 92 16 32 0</rect></_>
    <_>
      <rect>
        52 44 16 32 7</rect></_>
    <_>
      <rect>
        52 56 16 32 8</rect></_>
    <_>
      <rect>
        64 20 16 32 13</rect></_>
    <_>
      <rect>
        64 28 16 32 13</rect></_>
    <_>
      <rect>
        0 8 32 16 6</rect></_>
    <_>
      <rect>
        0 16 32 16 15</rect></_>
    <_>
      <rect>
        0 16 32 16 16</rect></_>
    <_>
      <rect>
        0 108 32 16 9</rect></_>
    <_>
      <rect>
        0 120 32 16 12</rect></_>
    <_>
      <rect>
        4 0 32 16 8</rect></_>
    <_>
      <rect>
        4 116 32 16 13</rect></_>
    <_>
      <rect>
        8 12 32 16 10</rect></_>
    <_>
      <rect>
        8 112 32 16 12</rect></_>
    <_>
      <rect>
        20 116 32 16 4</rect></_>
    <_>
      <rect>
        24 12 32 16 1</rect></_>
    <_>
      <rect>
        32 68 32 16 25</rect></_>
    <_>
      <rect>
        32 88 32 16 26</rect></_>
    <_>
      <rect>
        32 92 32 16 18</rect></_>
    <_>
      <rect>
        32 92 32 16 25</rect></_>
    <_>
      <rect>
        32 112 32 16 6</rect></_>
    <_>
      <rect>
        32 116 32 16 2</rect></_>
    <_>
      <rect>
        32 116 32 16 3</rect></_>
    <_>
      <rect>
        32 116 32 16 4</rect></_>
    <_>
      <rect>
        4 0 24 24 1</rect></_>
    <_>
      <rect>
        8 100 24 24 9</rect></_>
    <_>
      <rect>
        12 68 24 24 32</rect></_>
    <_>
      <rect>
        12 76 24 24 27</rect></_>
    <_>
      <rect>
        16 0 24 24 32</rect></_>
    <_>
      <rect>
        20 32 24 24 15</rect></_>
    <_>
      <rect>
        24 8 24 24 6</rect></_>
    <_>
      <rect>
        28 8 24 24 6</rect></_>
    <_>
      <rect>
        32 32 24 24 1</rect></_>
    <_>
      <rect>
        32 76 24 24 24</rect></_>
    <_>
      <rect>
        36 96 24 24 8</rect></_>
    <_>
      <rect>
        36 100 24 24 0</rect></_>
    <_>
      <rect>
        36 112 24 24 18</rect></_>
    <_>
      <rect>
        40 96 24 24 7</rect></_>
    <_>
      <rect>
        44 0 24 24 1</rect></_>
    <_>
      <rect>
        44 80 24 24 21</rect></_>
    <_>
      <rect>
        48 76 24 24 8</rect></_>
    <_>
      <rect>
        0 16 24 48 9</rect></_>
    <_>
      <rect>
        0 40 24 48 25</rect></_>
    <_>
      <rect>
        0 64 24 48 23</rect></_>
    <_>
      <rect>
        8 8 24 48 9</rect></_>
    <_>
      <rect>
        12 64 24 48 17</rect></_>
    <_>
      <rect>
        20 24 24 48 27</rect></_>
    <_>
      <rect>
        20 40 24 48 7</rect></_>
    <_>
      <rect>
        24 12 24 48 26</rect></_>
    <_>
      <rect>
        28 48 24 48 17</rect></_>
    <_>
      <rect>
        28 64 24 48 7</rect></_>
    <_>
      <rect>
        32 8 24 48 8</rect></_>
    <_>
      <rect>
        32 64 24 48 12</rect></_>
    <_>
      <rect>
        36 16 24 48 22</rect></_>
    <_>
      <rect>
        44 0 24 48 17</rect></_>
    <_>
      <rect>
        48 0 24 48 13</rect></_>
    <_>
      <rect>
        48 12 24 48 13</rect></_>
    <_>
      <rect>
        48 12 24 48 32</rect></_>
    <_>
      <rect>
        48 20 24 48 13</rect></_>
    <_>
      <rect>
        0 4 48 24 0</rect></_>
    <_>
      <rect>
        0 104 48 24 13</rect></_>
    <_>
      <rect>
        0 0 32 32 9</rect></_>
    <_>
      <rect>
        0 40 32 32 15</rect></_>
    <_>
      <rect>
        0 84 32 32 17</rect></_>
    <_>
      <rect>
        0 92 32 32 9</rect></_>
    <_>
      <rect>
        0 92 32 32 16</rect></_>
    <_>
      <rect>
        4 0 32 32 15</rect></_>
    <_>
      <rect>
        4 96 32 32 16</rect></_>
    <_>
      <rect>
        8 0 32 32 10</rect></_>
    <_>
      <rect>
        12 0 32 32 10</rect></_>
    <_>
      <rect>
        16 32 32 32 0</rect></_>
    <_>
      <rect>
        20 4 32 32 8</rect></_>
    <_>
      <rect>
        20 36 32 32 0</rect></_>
    <_>
      <rect>
        20 80 32 32 12</rect></_>
    <_>
      <rect>
        20 96 32 32 3</rect></_>
    <_>
      <rect>
        28 60 32 32 18</rect></_>
    <_>
      <rect>
        28 92 32 32 0</rect></_>
    <_>
      <rect>
        32 72 32 32 7</rect></_>
    <_>
      <rect>
        32 80 32 32 8</rect></_>
    <_>
      <rect>
        32 92 32 32 8</rect></_>
    <_>
      <rect>
        0 0 32 64 4</rect></_>
    <_>
      <rect>
        0 28 32 64 12</rect></_>
    <_>
      <rect>
        8 12 32 64 7</rect></_>
    <_>
      <rect>
        16 28 32 64 9</rect></_>
    <_>
      <rect>
        20 16 32 64 4</rect></_>
    <_>
      <rect>
        24 0 32 64 26</rect></_>
    <_>
      <rect>
        24 32 32 64 9</rect></_>
    <_>
      <rect>
        32 4 32 64 18</rect></_>
    <_>
      <rect>
        32 8 32 64 13</rect></_>
    <_>
      <rect>
        0 36 40 40 34</rect></_>
    <_>
      <rect>
        8 4 40 40 12</rect></_>
    <_>
      <rect>
        12 36 40 40 6</rect></_>
    <_>
      <rect>
        0 4 48 48 32</rect></_></features></cascade>
</opencv_storage>
